timestamp_us,accel_x_mg,accel_y_mg,accel_z_mg,gyro_x_mdps,gyro_y_mdps,gyro_z_mdps
16802789,1010.4,6.47,-65.39,210.0,280.0,0.0
16811789,1011.5,7.08,-65.76,140.0,210.0,0.0
16820788,1011.14,7.56,-64.66,-70.0,350.0,70.0
16827789,1011.87,6.71,-66.37,-420.0,280.0,0.0
16836789,1010.4,6.1,-67.47,-490.0,280.0,0.0
16845789,1010.77,5.0,-68.93,-210.0,210.0,0.0
16852789,1010.77,5.37,-68.08,210.0,210.0,0.0
16861788,1011.01,7.56,-65.88,280.0,140.0,0.0
16868789,1011.5,7.32,-66.61,0.0,280.0,70.0
16877789,1010.89,6.71,-66.61,-280.0,280.0,0.0
16886789,1010.89,5.25,-67.1,-350.0,350.0,0.0
16893790,1010.77,5.12,-66.49,0.0,210.0,0.0
16902789,1011.87,5.49,-67.47,210.0,210.0,0.0
16911788,1010.4,6.71,-65.76,280.0,210.0,0.0
16918790,1011.5,7.44,-66.86,0.0,140.0,0.0
16927789,1011.87,7.44,-65.51,-350.0,280.0,70.0
16934789,1010.04,5.37,-66.49,-490.0,350.0,70.0
16943788,1011.01,5.25,-68.08,-210.0,280.0,70.0
16952789,1010.53,5.98,-66.73,140.0,280.0,0.0
16959790,1010.89,6.95,-65.76,210.0,210.0,0.0
16968788,1011.38,7.44,-66.86,-70.0,210.0,0.0
16975789,1011.01,5.86,-65.76,-210.0,280.0,0.0
16984788,1011.26,6.22,-66.49,-280.0,280.0,0.0
16993789,1010.4,6.1,-66.73,-210.0,280.0,0.0
17000790,1010.89,6.59,-68.81,-140.0,210.0,0.0
17009788,1010.89,6.83,-67.95,0.0,280.0,0.0
17018788,1010.65,6.34,-66.12,140.0,210.0,70.0
17025789,1010.65,6.1,-66.0,70.0,280.0,0.0
17034789,1010.77,6.71,-66.86,-70.0,280.0,0.0
17041790,1011.01,6.71,-66.12,-210.0,280.0,70.0
17050789,1010.77,6.34,-66.98,-210.0,350.0,0.0
17059789,1011.26,5.98,-67.34,-210.0,280.0,0.0
17066789,1011.38,5.61,-67.47,-70.0,350.0,0.0
17075789,1010.04,5.61,-67.59,140.0,210.0,0.0
17082790,1011.38,7.08,-67.95,140.0,210.0,0.0
17091788,1010.28,6.83,-66.25,0.0,280.0,0.0
17100788,1011.26,7.08,-66.86,-70.0,280.0,0.0
17107789,1010.77,5.73,-66.37,-280.0,280.0,0.0
17116788,1011.26,6.59,-67.47,-210.0,280.0,70.0
17125789,1010.77,5.86,-66.49,-140.0,280.0,0.0
17132790,1010.53,6.34,-66.49,-70.0,210.0,0.0
17141788,1011.14,6.34,-67.34,0.0,280.0,0.0
17148789,1010.28,7.08,-66.12,-70.0,210.0,0.0
17157789,1011.14,6.1,-68.2,-140.0,210.0,0.0
17166788,1010.65,6.71,-66.86,-140.0,280.0,0.0
17173789,1011.14,6.22,-67.22,0.0,210.0,0.0
17182789,1011.38,6.22,-66.49,0.0,210.0,0.0
17189790,1011.5,6.47,-66.98,-70.0,280.0,70.0
17198788,1010.89,5.98,-67.47,-140.0,280.0,70.0
17207788,1010.65,5.49,-67.22,0.0,280.0,0.0
17214789,1010.16,6.59,-67.1,140.0,280.0,0.0
17223788,1011.01,6.95,-67.22,70.0,280.0,70.0
17232788,1011.01,7.08,-66.61,-140.0,280.0,70.0
17239790,1011.26,7.32,-67.22,-210.0,280.0,0.0
17248788,1010.77,5.61,-67.1,-210.0,280.0,0.0
17255789,1011.14,5.61,-67.22,-70.0,210.0,0.0
17264788,1011.5,6.59,-67.47,70.0,280.0,0.0
17273789,1009.92,6.71,-67.22,0.0,210.0,0.0
17280789,1010.16,6.47,-65.88,-70.0,140.0,0.0
17289789,1012.72,7.08,-66.37,-280.0,210.0,0.0
17298788,1010.4,5.61,-65.76,-420.0,280.0,0.0
17305790,1010.4,5.0,-68.69,-210.0,210.0,0.0
17314789,1011.01,5.12,-67.95,70.0,280.0,0.0
17321789,1011.26,6.47,-66.12,210.0,210.0,0.0
17330789,1011.01,7.69,-66.49,0.0,350.0,0.0
17339789,1011.5,6.95,-64.54,-210.0,280.0,0.0
17346789,1011.01,5.98,-66.98,-280.0,210.0,0.0
17355788,1010.53,5.37,-67.83,-280.0,350.0,0.0
17362789,1009.43,4.64,-66.98,-70.0,210.0,0.0
17371789,1011.01,5.98,-68.56,210.0,210.0,0.0
17380789,1010.16,6.59,-65.64,210.0,210.0,0.0
17387789,1011.62,8.91,-64.29,-140.0,140.0,0.0
17396788,1011.26,5.86,-68.44,-490.0,420.0,0.0
17405789,1009.79,4.39,-67.22,-140.0,280.0,70.0
17412790,1011.14,4.27,-69.42,490.0,210.0,70.0
17421788,1010.28,6.71,-65.27,910.0,140.0,0.0
17428790,1011.99,10.13,-64.29,560.0,70.0,0.0
17437788,1010.89,9.03,-63.32,-490.0,350.0,0.0
17446789,1012.23,7.93,-66.25,-1050.0,140.0,70.0
17453790,1010.28,3.42,-69.66,-840.0,630.0,0.0
17462789,1011.62,4.51,-69.78,70.0,140.0,0.0
17469789,1010.28,5.25,-67.1,560.0,140.0,0.0
17478789,1011.87,8.17,-65.39,280.0,210.0,0.0
17487789,1011.14,8.42,-64.29,-210.0,350.0,0.0
17494789,1011.14,8.05,-63.81,-910.0,350.0,0.0
17503788,1011.14,5.12,-68.08,-1120.0,420.0,0.0
17512788,1010.04,4.03,-67.47,-770.0,350.0,0.0
17519789,1009.43,2.93,-70.76,140.0,210.0,0.0
17528788,1010.4,5.25,-67.22,840.0,210.0,0.0
17535790,1011.62,8.17,-65.15,770.0,140.0,0.0
17544788,1012.84,10.0,-64.05,-140.0,350.0,0.0
17553788,1010.77,8.54,-64.42,-980.0,490.0,70.0
17560790,1009.79,5.12,-66.73,-1050.0,490.0,0.0
17569789,1010.16,3.78,-67.95,-560.0,350.0,0.0
17576790,1010.28,4.15,-69.05,70.0,140.0,0.0
17585788,1011.14,5.37,-67.59,560.0,210.0,70.0
17594788,1011.62,7.81,-65.15,490.0,140.0,0.0
17601790,1010.77,8.42,-64.54,70.0,280.0,0.0
17610788,1010.89,6.59,-69.66,-140.0,490.0,0.0
17619789,1008.57,1.83,-63.56,-70.0,140.0,0.0
17626789,1013.94,5.12,-78.08,1260.0,-70.0,-70.0
17635788,1007.6,7.93,-55.63,1470.0,-70.0,0.0
17642790,1015.28,12.69,-69.78,350.0,-280.0,0.0
17651788,1009.43,8.17,-61.61,-980.0,630.0,70.0
17660788,1011.75,5.0,-69.78,-1120.0,140.0,0.0
17667789,1010.65,2.56,-70.52,-560.0,420.0,0.0
17676789,1010.16,5.25,-66.61,210.0,140.0,0.0
17685788,1011.87,7.2,-68.32,280.0,280.0,0.0
17692790,1010.04,6.83,-62.95,70.0,350.0,0.0
17701788,1011.38,7.93,-66.86,-210.0,210.0,0.0
17708789,1010.4,6.34,-64.54,-560.0,420.0,0.0
17717788,1011.01,5.49,-68.32,-560.0,140.0,70.0
17726789,1010.4,5.25,-68.69,-350.0,350.0,0.0
17733789,1011.26,6.1,-65.88,-210.0,140.0,0.0
17742789,1010.89,6.95,-66.98,-280.0,350.0,0.0
17749790,1010.65,5.98,-67.22,-420.0,350.0,0.0
17758788,1010.65,5.98,-67.59,-490.0,420.0,70.0
17767788,1010.77,5.12,-67.83,-280.0,350.0,0.0
17774789,1010.4,5.61,-66.0,-70.0,350.0,0.0
17783789,1011.26,6.95,-66.98,-70.0,210.0,0.0
17792789,1011.01,6.59,-67.59,-140.0,280.0,0.0
17799789,1010.04,4.51,-65.15,-280.0,280.0,0.0
17808789,1011.99,6.34,-69.05,0.0,210.0,0.0
17815790,1009.18,4.88,-65.76,-70.0,280.0,0.0
17824789,1011.99,7.2,-66.12,140.0,70.0,0.0
17833789,1010.4,4.15,-68.56,140.0,350.0,0.0
17840789,1010.89,6.22,-66.49,350.0,210.0,0.0
17849788,1011.26,6.59,-66.37,350.0,140.0,0.0
17856789,1011.38,7.32,-64.05,-140.0,280.0,0.0
17865788,1011.38,4.51,-70.03,-70.0,210.0,0.0
17874789,1010.53,6.59,-66.73,280.0,280.0,0.0
17881790,1010.4,5.0,-66.25,140.0,140.0,0.0
17890789,1012.84,9.39,-64.42,70.0,210.0,0.0
17899789,1012.11,8.54,-67.59,0.0,70.0,0.0
17906789,1008.21,3.54,-64.66,-700.0,350.0,0.0
17915788,1013.82,9.64,-69.05,-560.0,420.0,0.0
17922790,1007.6,0.24,-66.37,-350.0,210.0,0.0
17931789,1014.19,10.25,-68.69,210.0,280.0,0.0
17940788,1008.21,3.29,-62.83,-210.0,140.0,0.0
17947790,1013.82,8.42,-73.08,70.0,210.0,0.0
17956788,1007.96,4.27,-61.24,-140.0,350.0,0.0
17963790,1013.33,8.05,-71.49,-70.0,70.0,0.0
17972788,1009.79,6.95,-62.71,-350.0,420.0,0.0
17981789,1012.36,7.32,-67.83,-560.0,210.0,0.0
17988789,1010.28,5.0,-67.95,-490.0,420.0,0.0
17997788,1010.16,5.0,-68.2,70.0,210.0,70.0
18006788,1010.53,5.98,-68.44,630.0,70.0,0.0
18013789,1011.38,7.32,-65.76,490.0,210.0,0.0
18022789,1010.65,7.69,-64.29,0.0,350.0,0.0
18029790,1010.77,6.22,-67.1,-350.0,350.0,0.0
18038788,1010.4,6.59,-66.86,-350.0,280.0,0.0
18047789,1011.38,5.98,-66.73,-350.0,280.0,0.0
18054789,1010.04,5.49,-66.61,-350.0,350.0,70.0
18063789,1011.01,5.98,-66.37,-210.0,280.0,0.0
18070790,1010.04,5.86,-67.1,-70.0,350.0,70.0
18079789,1010.89,5.73,-68.32,210.0,210.0,0.0
18088788,1011.62,5.86,-67.22,210.0,280.0,0.0
18095789,1010.65,6.71,-64.05,70.0,140.0,0.0
18104788,1011.87,7.32,-66.86,-280.0,210.0,0.0
18113788,1011.14,6.71,-66.12,-490.0,350.0,70.0
18120789,1010.65,3.66,-69.3,-280.0,210.0,0.0
18129789,1010.53,5.25,-69.42,210.0,350.0,0.0
18136790,1010.77,7.81,-61.61,140.0,350.0,0.0
18145789,1010.89,3.42,-71.13,420.0,70.0,0.0
18154789,1010.89,6.71,-66.49,840.0,420.0,0.0
18161790,1010.4,8.66,-62.46,490.0,-70.0,0.0
18170788,1012.72,10.25,-66.73,-560.0,490.0,70.0
18179789,1009.79,6.71,-62.83,-1120.0,420.0,0.0
18186789,1011.38,4.27,-71.74,-910.0,350.0,0.0
18195789,1008.7,3.42,-67.1,-210.0,350.0,70.0
18202790,1011.14,4.15,-68.44,560.0,0.0,0.0
18211789,1010.89,6.1,-66.49,770.0,210.0,0.0
18220789,1012.23,9.15,-65.03,350.0,140.0,0.0
18227789,1010.53,6.95,-65.27,-140.0,420.0,0.0
18236788,1011.14,7.32,-65.39,-280.0,140.0,0.0
18243789,1011.38,6.83,-68.56,-560.0,420.0,0.0
18252788,1009.18,5.25,-66.25,-560.0,280.0,0.0
18261789,1009.92,5.98,-69.05,-280.0,210.0,0.0
18268789,1011.14,5.37,-66.73,0.0,280.0,0.0
18277789,1010.77,6.59,-64.54,-70.0,280.0,0.0
18286788,1011.5,6.22,-66.37,-350.0,280.0,0.0
18293790,1010.04,6.95,-65.76,-420.0,280.0,70.0
18302789,1011.26,5.61,-67.1,-350.0,140.0,0.0
18309789,1010.16,6.1,-65.64,-280.0,350.0,0.0
18318789,1010.65,4.76,-68.08,-140.0,70.0,0.0
18327789,1011.38,6.34,-67.1,140.0,140.0,0.0
18334790,1010.16,5.61,-66.73,420.0,70.0,0.0
18343788,1011.14,7.2,-66.12,420.0,210.0,0.0
18350790,1010.65,7.69,-64.29,140.0,210.0,0.0
18359789,1012.23,7.81,-66.49,-210.0,350.0,0.0
18368788,1010.77,6.83,-65.64,-420.0,420.0,0.0
18375789,1010.89,5.25,-67.95,-420.0,350.0,70.0
18384788,1010.4,5.12,-67.95,-70.0,350.0,0.0
18393789,1011.01,7.08,-65.64,0.0,420.0,0.0
18400790,1008.94,5.86,-64.05,-140.0,210.0,0.0
18409789,1013.45,6.83,-69.91,0.0,280.0,0.0
18416790,1010.4,6.71,-64.05,140.0,350.0,0.0
18425789,1010.89,6.59,-68.08,0.0,70.0,0.0
18434788,1011.14,6.95,-66.25,-210.0,280.0,0.0
18441790,1011.14,7.69,-65.15,-420.0,420.0,0.0
18450789,1009.67,3.54,-67.95,-420.0,140.0,0.0
18457789,1011.87,4.76,-70.39,70.0,280.0,0.0
18466789,1009.31,4.39,-64.42,420.0,210.0,0.0
18475789,1011.26,6.83,-67.34,630.0,-140.0,70.0
18482789,1011.26,7.08,-67.47,420.0,280.0,0.0
18491789,1010.65,7.69,-64.42,0.0,210.0,0.0
18500788,1013.21,9.03,-66.0,-420.0,280.0,0.0
18507789,1011.26,10.86,-61.85,-1540.0,700.0,0.0
18516788,1010.77,4.64,-69.42,-2100.0,840.0,70.0
18523789,1010.16,0.73,-72.96,-980.0,910.0,0.0
18532789,1011.14,5.25,-67.34,-70.0,840.0,0.0
18541788,1006.26,6.22,-57.46,-70.0,140.0,0.0
18548789,1011.87,-0.49,-77.84,1050.0,-350.0,0.0
18557789,1013.33,9.52,-66.37,2170.0,-350.0,0.0
18566788,1009.79,12.32,-56.0,420.0,560.0,0.0
18573789,1014.67,13.05,-63.56,-1190.0,-140.0,0.0
18582788,1008.45,2.07,-66.49,-1890.0,560.0,70.0
18589790,1012.72,4.15,-76.01,-630.0,210.0,70.0
18598788,1011.62,7.32,-65.76,-210.0,560.0,70.0
18607788,1009.43,10.98,-51.61,-2100.0,1260.0,70.0
18614789,1011.99,-4.27,-83.94,-700.0,-1050.0,-70.0
18623788,1007.35,-0.24,-71.0,1680.0,420.0,0.0
18630789,1014.8,15.25,-62.1,1890.0,-350.0,0.0
18639788,1010.65,9.27,-63.44,0.0,490.0,0.0
18648788,1010.16,3.42,-68.44,-140.0,350.0,0.0
18655789,1011.01,5.73,-67.83,420.0,280.0,0.0
18664789,1011.26,6.47,-65.39,560.0,140.0,70.0
18673789,1011.26,5.61,-68.69,420.0,210.0,0.0
18680790,1011.75,8.17,-64.54,630.0,-70.0,0.0
18689789,1010.65,5.98,-68.81,140.0,420.0,0.0
18696789,1010.53,5.12,-66.73,630.0,280.0,0.0
18705789,1011.99,8.05,-66.86,560.0,210.0,0.0
18714789,1011.14,7.56,-64.66,-70.0,350.0,0.0
18721790,1010.53,5.86,-68.08,-210.0,280.0,0.0
18730789,1010.4,5.49,-67.47,-70.0,280.0,0.0
18737790,1011.01,6.59,-64.9,0.0,280.0,0.0
18746789,1011.5,8.54,-65.88,-210.0,280.0,0.0
18755788,1013.58,4.88,-70.52,-70.0,210.0,0.0
18762790,1006.5,5.98,-61.0,-140.0,490.0,70.0
18771789,1011.87,7.44,-66.73,-1120.0,420.0,0.0
18780789,1011.01,2.81,-73.2,-210.0,140.0,0.0
18787789,1008.94,1.95,-67.1,770.0,280.0,0.0
18796788,1011.75,8.54,-65.51,1260.0,-210.0,0.0
18803790,1012.6,10.61,-62.83,210.0,210.0,0.0
18812788,1010.77,9.52,-62.59,-840.0,280.0,0.0
18821789,1012.23,7.08,-66.73,-1680.0,420.0,70.0
18828790,1009.79,3.66,-69.3,-1330.0,490.0,0.0
18837788,1010.53,3.05,-69.3,-560.0,350.0,0.0
18844790,1009.79,2.81,-69.66,420.0,210.0,0.0
18853789,1010.16,6.71,-66.49,770.0,140.0,0.0
18862789,1012.23,7.81,-65.15,630.0,140.0,0.0
18869790,1011.38,9.03,-63.44,0.0,280.0,70.0
18878789,1011.5,7.69,-64.66,-700.0,420.0,0.0
18887789,1011.01,5.25,-68.93,-700.0,350.0,0.0
18894789,1009.67,5.37,-68.44,-350.0,350.0,0.0
18903789,1010.4,4.15,-66.49,140.0,140.0,0.0
18910790,1011.62,6.1,-66.98,210.0,280.0,0.0
18919788,1011.26,8.05,-65.15,140.0,140.0,0.0
18928789,1010.4,4.51,-68.56,-140.0,280.0,0.0
18935789,1010.4,5.98,-66.25,140.0,350.0,0.0
18944788,1010.04,5.98,-65.15,70.0,140.0,0.0
18951789,1013.21,6.83,-70.15,210.0,210.0,0.0
18960789,1008.57,7.81,-61.24,0.0,350.0,0.0
18969789,1011.5,6.95,-68.69,-210.0,0.0,0.0
18976789,1010.77,6.22,-68.44,-210.0,630.0,0.0
18985789,1008.94,5.12,-62.95,-70.0,70.0,0.0
18994788,1011.75,6.1,-71.0,-140.0,210.0,0.0
19001790,1010.16,6.95,-64.05,-70.0,420.0,0.0
19010788,1010.89,5.86,-67.59,0.0,0.0,0.0
19017790,1012.36,7.93,-66.98,0.0,350.0,0.0
19026788,1010.04,5.86,-64.17,-280.0,210.0,0.0
19035788,1012.11,7.56,-70.27,-420.0,280.0,0.0
19042790,1008.82,3.9,-65.51,-350.0,350.0,0.0
19051788,1010.89,6.47,-68.44,70.0,70.0,0.0
19060788,1011.5,6.71,-67.59,0.0,350.0,0.0
19067789,1010.77,6.95,-65.76,0.0,210.0,0.0
19076789,1010.89,6.34,-67.34,-140.0,210.0,0.0
19083790,1011.14,6.47,-66.12,-210.0,350.0,0.0
19092788,1010.65,4.51,-67.71,-70.0,280.0,0.0
19101789,1010.53,5.12,-67.71,70.0,350.0,0.0
19108789,1011.5,6.59,-66.61,210.0,210.0,0.0
19117789,1011.01,6.22,-66.37,0.0,280.0,0.0
19124789,1010.65,6.22,-65.64,-70.0,280.0,0.0
19133789,1011.38,6.1,-66.49,-140.0,210.0,0.0
19142788,1011.5,5.98,-66.0,-70.0,280.0,0.0
19149790,1010.89,6.34,-65.64,-70.0,280.0,0.0
19158788,1010.89,5.98,-68.93,-140.0,280.0,0.0
19167789,1010.77,5.61,-68.08,-70.0,350.0,70.0
19174789,1010.53,7.81,-64.42,-70.0,210.0,70.0
19183789,1010.53,5.73,-67.47,0.0,140.0,70.0
19190789,1009.92,7.81,-66.37,-280.0,350.0,0.0
19199788,1010.04,6.59,-66.86,-280.0,210.0,70.0
19208788,1010.89,5.86,-68.08,-350.0,350.0,70.0
19215789,1010.53,5.61,-66.73,-70.0,280.0,-70.0
19224788,1011.87,6.47,-67.22,70.0,280.0,0.0
19231789,1011.14,6.47,-66.12,0.0,280.0,0.0
19240789,1010.77,6.34,-65.88,-140.0,210.0,0.0
19249789,1011.5,6.71,-68.44,-210.0,210.0,70.0
19256790,1010.77,6.22,-65.88,-210.0,280.0,0.0
19265789,1010.89,5.86,-66.25,0.0,210.0,0.0
19274789,1010.89,6.34,-67.59,0.0,280.0,0.0
19281789,1010.28,6.34,-66.73,0.0,210.0,70.0
19290787,1010.89,6.34,-66.49,0.0,280.0,0.0
19297790,1011.01,6.22,-66.49,140.0,280.0,70.0
19306788,1010.77,5.61,-67.1,140.0,210.0,0.0
19315789,1011.14,6.95,-66.73,70.0,210.0,0.0
19322789,1009.92,6.1,-66.61,-140.0,280.0,70.0
19331788,1011.87,6.95,-67.34,-210.0,210.0,0.0
19338790,1011.01,5.61,-66.98,-140.0,280.0,0.0
19347789,1010.65,5.61,-66.12,-70.0,280.0,70.0
19356789,1010.89,5.86,-68.2,0.0,210.0,0.0
19363789,1010.89,6.47,-65.51,-70.0,280.0,0.0
19372789,1010.28,6.59,-66.73,-210.0,210.0,0.0
19381788,1011.26,6.1,-67.22,-280.0,280.0,0.0
19388790,1010.89,5.37,-66.86,-140.0,280.0,0.0
19397789,1011.14,5.98,-66.25,-70.0,280.0,0.0
19404790,1010.65,6.47,-66.98,-140.0,280.0,0.0
19413788,1011.38,6.22,-66.98,-210.0,210.0,0.0
19422788,1010.89,6.47,-68.2,-210.0,210.0,0.0
19429789,1010.65,5.86,-66.61,-140.0,210.0,0.0
19438789,1011.01,6.1,-67.1,-140.0,210.0,0.0
19445790,1011.01,6.34,-67.59,-70.0,280.0,0.0
19454788,1010.65,6.34,-66.49,-140.0,280.0,0.0
19463788,1010.77,6.71,-66.61,0.0,280.0,70.0
19470790,1010.53,6.71,-66.12,0.0,280.0,0.0
19479789,1011.38,6.1,-67.34,0.0,280.0,0.0
19488789,1011.38,5.86,-66.12,0.0,280.0,0.0
19495790,1011.01,5.73,-66.37,0.0,280.0,70.0
19504789,1011.01,6.47,-67.22,-70.0,280.0,0.0
19511790,1011.26,6.34,-66.0,-140.0,350.0,0.0
19520788,1011.38,6.34,-65.76,-140.0,280.0,70.0
19529788,1011.01,5.98,-66.98,-140.0,280.0,0.0
19536789,1011.01,6.59,-67.1,-140.0,280.0,0.0
19545788,1011.75,6.22,-65.88,-140.0,210.0,0.0
19554789,1010.28,5.86,-66.61,-140.0,280.0,0.0
19561789,1010.4,6.22,-66.86,-140.0,280.0,0.0
19570788,1010.65,6.59,-66.61,-140.0,210.0,0.0
19577790,1009.92,6.22,-67.22,-210.0,280.0,0.0
19586789,1011.14,6.83,-66.61,-140.0,280.0,0.0
19595788,1011.26,6.34,-66.61,-140.0,210.0,0.0
19602790,1010.53,5.98,-66.98,-70.0,280.0,70.0
19611788,1010.89,6.34,-66.61,-70.0,210.0,70.0
19618789,1010.89,6.83,-66.49,-70.0,210.0,0.0
19627789,1011.5,6.34,-66.61,-70.0,280.0,-70.0
19636789,1010.65,6.59,-65.64,0.0,210.0,0.0
19643789,1011.62,6.95,-66.25,-140.0,280.0,0.0
19652789,1010.28,5.25,-67.22,-140.0,280.0,0.0
19661789,1011.14,6.47,-67.1,-70.0,210.0,0.0
19668789,1011.01,5.86,-67.71,-70.0,210.0,0.0
19677788,1011.01,7.08,-65.76,0.0,210.0,0.0
19684790,1010.89,6.47,-66.73,0.0,140.0,0.0
19693789,1010.53,6.47,-66.12,-70.0,210.0,0.0
19702789,1011.26,6.34,-67.47,-70.0,280.0,-70.0
19709789,1011.38,6.22,-67.47,-140.0,210.0,0.0
19718789,1010.53,5.49,-65.64,0.0,210.0,0.0
19725790,1010.65,7.08,-67.83,-70.0,140.0,0.0
19734789,1011.01,6.22,-67.1,-70.0,280.0,0.0
19743789,1011.01,6.22,-66.49,-70.0,210.0,0.0
19750790,1011.5,6.83,-67.22,0.0,280.0,70.0
19759789,1011.14,5.98,-65.39,0.0,280.0,70.0
19768788,1011.14,6.22,-66.73,-70.0,210.0,0.0
19775790,1011.01,6.34,-67.22,-140.0,280.0,0.0
19784788,1011.38,6.59,-66.86,-140.0,280.0,0.0
19791790,1011.01,6.59,-67.47,-70.0,210.0,70.0
19800789,1010.89,5.73,-66.98,-70.0,280.0,0.0
19809789,1011.38,6.1,-66.12,-70.0,210.0,0.0
19816789,1011.14,6.22,-66.61,0.0,280.0,0.0
19825789,1011.14,6.1,-67.1,-140.0,210.0,70.0
19834789,1011.5,6.1,-67.1,-140.0,280.0,0.0
19841790,1011.38,6.59,-66.73,-70.0,280.0,0.0
19850789,1011.38,6.1,-66.61,-70.0,210.0,0.0
19857789,1010.77,5.86,-67.47,-70.0,280.0,70.0
19866788,1010.89,6.22,-67.1,-70.0,210.0,0.0
19875789,1010.04,6.34,-67.22,-70.0,210.0,0.0
19882790,1010.89,6.1,-66.0,0.0,280.0,0.0
19891789,1011.14,5.61,-67.22,-140.0,210.0,0.0
19898790,1011.01,6.1,-66.61,-70.0,280.0,0.0
19907788,1010.89,6.22,-67.22,-140.0,210.0,0.0
19916789,1011.62,5.49,-67.47,-140.0,280.0,0.0
19923789,1010.89,6.47,-65.88,-70.0,350.0,0.0
19932789,1011.14,6.1,-66.73,0.0,280.0,0.0
19941789,1010.53,5.61,-66.61,-70.0,280.0,0.0
19948790,1011.75,6.47,-66.73,-70.0,210.0,0.0
19957788,1010.53,6.83,-67.22,-70.0,210.0,70.0
19964789,1010.16,6.47,-66.86,-70.0,280.0,0.0
19973789,1010.77,5.49,-67.1,-70.0,280.0,70.0
19982789,1011.26,6.1,-67.47,-70.0,280.0,0.0
19989789,1011.14,6.59,-66.37,-70.0,210.0,0.0
19998789,1011.14,6.59,-66.73,-70.0,280.0,0.0
20005789,1010.89,6.22,-66.98,-140.0,210.0,0.0
20014788,1011.5,5.98,-66.0,-70.0,280.0,0.0
20023789,1011.38,6.47,-65.88,-140.0,210.0,0.0
20030790,1010.53,6.83,-67.83,-70.0,210.0,0.0
20039788,1011.01,6.71,-67.22,-140.0,280.0,0.0
20048789,1010.4,6.34,-66.0,-140.0,280.0,0.0
20055790,1011.5,5.73,-67.59,-70.0,210.0,0.0
20064789,1010.89,6.34,-66.73,-70.0,280.0,0.0
20071789,1011.01,6.1,-65.76,-140.0,280.0,0.0
20080789,1011.01,6.34,-67.83,-140.0,280.0,0.0
20089789,1010.77,6.47,-67.22,-140.0,280.0,0.0
20096789,1010.77,6.1,-67.22,-70.0,210.0,0.0
20105789,1011.5,6.34,-67.1,-70.0,280.0,0.0
20112790,1011.01,6.34,-65.27,-70.0,280.0,0.0
20121789,1010.77,6.1,-67.22,-140.0,210.0,0.0
20130789,1011.01,5.98,-67.71,-140.0,280.0,70.0
20137789,1010.4,6.22,-66.12,-70.0,210.0,0.0
20146789,1011.01,6.1,-66.37,70.0,210.0,0.0
20155789,1011.01,6.59,-65.76,0.0,210.0,0.0
20162789,1010.89,5.73,-65.88,-70.0,280.0,0.0
20171789,1010.28,6.22,-66.37,-70.0,280.0,0.0
20178789,1010.89,6.1,-67.95,-140.0,280.0,70.0
20187789,1010.77,5.61,-66.12,-70.0,280.0,70.0
20196788,1010.53,6.47,-66.37,0.0,210.0,0.0
20203790,1010.65,6.1,-66.25,-70.0,280.0,0.0
20212788,1011.38,6.34,-66.12,-70.0,210.0,0.0
20221789,1011.62,5.25,-67.59,-140.0,280.0,0.0
20228789,1011.01,6.47,-66.37,0.0,210.0,0.0
20237788,1010.89,6.95,-66.86,-70.0,280.0,0.0
20244790,1011.26,6.47,-67.34,-70.0,280.0,0.0
20253789,1010.16,6.22,-66.61,-140.0,210.0,70.0
20262789,1010.77,6.47,-66.86,-140.0,210.0,0.0
20269790,1010.77,5.86,-66.86,-140.0,280.0,0.0
20278788,1010.04,5.73,-67.22,140.0,210.0,0.0
20285789,1010.65,6.59,-66.86,210.0,210.0,0.0
20294789,1011.26,7.56,-64.78,70.0,210.0,0.0
20303788,1011.26,6.71,-65.03,-70.0,280.0,0.0
20310790,1011.01,6.83,-67.59,-280.0,280.0,0.0
20319788,1011.01,5.98,-67.1,-280.0,350.0,0.0
20328788,1011.01,5.73,-67.59,-70.0,210.0,0.0
20335789,1011.14,5.61,-68.32,140.0,280.0,0.0
20344788,1010.89,6.83,-66.37,210.0,350.0,70.0
20351789,1012.11,6.34,-65.88,70.0,210.0,0.0
20360789,1011.01,6.83,-65.39,-210.0,350.0,0.0
20369788,1010.89,7.08,-66.12,-350.0,350.0,0.0
20376789,1010.53,5.98,-66.73,-420.0,280.0,0.0
20385789,1010.77,4.64,-66.49,-280.0,280.0,0.0
20392789,1010.77,5.25,-69.05,0.0,210.0,0.0
20401788,1010.28,6.1,-67.95,0.0,280.0,70.0
20410789,1011.14,6.59,-65.39,70.0,280.0,0.0
20417789,1011.01,3.78,-68.32,280.0,210.0,0.0
20426789,1011.87,7.69,-65.51,490.0,280.0,-70.0
20435788,1011.38,8.54,-64.29,70.0,70.0,0.0
20442789,1011.26,7.93,-66.61,-700.0,350.0,0.0
20451789,1010.53,5.0,-67.1,-700.0,280.0,0.0
20458789,1010.53,3.66,-69.66,-140.0,280.0,0.0
20467789,1010.89,4.39,-67.83,490.0,280.0,0.0
20476788,1010.53,6.95,-65.64,490.0,140.0,0.0
20483789,1011.5,8.05,-66.61,210.0,280.0,0.0
20492788,1010.4,7.69,-65.51,-140.0,280.0,0.0
20499790,1010.89,5.98,-66.86,-420.0,280.0,0.0
20508789,1010.53,4.76,-65.88,-350.0,350.0,70.0
20517789,1011.5,6.59,-66.73,-280.0,280.0,0.0
20524789,1010.65,6.1,-66.98,-350.0,350.0,0.0
20533788,1010.77,6.22,-66.0,-350.0,350.0,0.0
20542788,1010.89,5.37,-66.86,-280.0,280.0,0.0
20549790,1010.4,5.86,-67.1,0.0,350.0,70.0
20558788,1010.77,5.12,-67.34,210.0,210.0,70.0
20565790,1010.4,6.83,-66.61,280.0,210.0,0.0
20574789,1011.99,6.59,-67.1,140.0,210.0,0.0
20583789,1009.92,7.69,-63.56,-140.0,350.0,0.0
20590789,1010.65,5.73,-65.51,-630.0,350.0,0.0
20599788,1010.89,6.1,-68.93,-280.0,280.0,0.0
20608789,1010.04,5.0,-66.37,-70.0,350.0,0.0
20615790,1011.5,6.71,-65.27,0.0,140.0,0.0
20624789,1010.04,4.03,-68.69,0.0,280.0,0.0
20631789,1011.26,5.37,-67.22,490.0,210.0,0.0
20640789,1011.01,6.47,-66.25,700.0,140.0,0.0
20649789,1010.53,7.2,-65.76,350.0,140.0,0.0
20656790,1010.77,7.69,-65.39,210.0,140.0,0.0
20665789,1011.87,7.69,-64.9,-210.0,280.0,70.0
20672790,1011.01,7.44,-65.76,-490.0,280.0,70.0
20681788,1011.75,6.83,-67.1,-700.0,280.0,0.0
20690789,1010.89,5.61,-67.59,-700.0,350.0,70.0
20697789,1010.28,4.39,-67.34,-420.0,280.0,0.0
20706788,1010.28,5.12,-68.44,210.0,140.0,0.0
20715789,1010.89,6.22,-67.22,560.0,210.0,0.0
20722790,1011.14,7.81,-63.68,350.0,140.0,0.0
20731789,1011.62,8.17,-64.9,-280.0,280.0,0.0
20738789,1010.89,7.56,-65.51,-770.0,280.0,0.0
20747788,1011.38,5.49,-68.44,-770.0,350.0,0.0
20756788,1011.01,4.27,-66.61,-420.0,280.0,0.0
20763790,1010.77,5.12,-69.17,70.0,210.0,0.0
20772788,1011.26,7.69,-65.88,210.0,210.0,0.0
20779789,1010.53,5.0,-66.73,70.0,140.0,0.0
20788789,1011.5,7.81,-66.73,140.0,280.0,0.0
20797789,1010.89,6.71,-65.39,0.0,210.0,0.0
20804790,1011.01,6.95,-67.59,-280.0,280.0,0.0
20813788,1011.01,5.86,-67.47,-280.0,350.0,70.0
20822788,1010.16,5.37,-67.34,-280.0,280.0,70.0
20829789,1011.5,6.34,-68.2,0.0,280.0,0.0
20838788,1010.53,6.71,-66.86,0.0,280.0,0.0
20845790,1011.14,6.1,-67.71,70.0,280.0,0.0
20854789,1010.53,5.73,-67.34,70.0,280.0,0.0
20863789,1010.89,6.71,-65.88,70.0,210.0,70.0
20870790,1011.14,6.71,-66.61,0.0,210.0,70.0
20879789,1010.89,6.34,-66.73,-140.0,210.0,0.0
20886790,1010.65,6.1,-66.25,-70.0,210.0,0.0
20895789,1011.26,5.86,-68.08,-70.0,280.0,0.0
20904789,1010.89,5.49,-66.98,-70.0,280.0,0.0
20911790,1011.01,5.49,-66.61,0.0,280.0,0.0
20920789,1010.53,6.22,-67.34,140.0,210.0,0.0
20929788,1010.4,6.83,-66.49,70.0,210.0,0.0
20936790,1010.77,7.44,-67.1,-210.0,280.0,0.0
20945789,1010.4,6.95,-65.15,-490.0,350.0,0.0
20952790,1010.89,6.1,-67.34,-700.0,350.0,70.0
20961789,1010.16,5.49,-66.86,-560.0,280.0,0.0
20970788,1011.5,5.0,-68.2,-140.0,280.0,0.0
20977789,1009.55,4.88,-67.71,140.0,280.0,0.0
20986788,1011.01,6.22,-67.1,350.0,210.0,0.0
20995788,1010.77,7.32,-66.73,210.0,420.0,0.0
21002789,1012.11,7.56,-64.54,0.0,210.0,0.0
21011788,1010.28,4.64,-69.66,210.0,70.0,0.0
21018790,1010.4,7.32,-66.0,280.0,280.0,0.0
21027789,1011.01,8.3,-63.56,-140.0,210.0,0.0
21036789,1011.99,7.2,-67.34,-700.0,350.0,0.0
21043789,1010.77,5.25,-66.98,-630.0,420.0,0.0
21052789,1011.01,5.49,-68.69,-140.0,210.0,0.0
21059789,1010.65,5.12,-67.34,70.0,420.0,0.0
21068789,1011.14,6.34,-67.95,420.0,140.0,70.0
21077789,1010.16,6.59,-65.88,280.0,210.0,0.0
21084789,1011.62,7.44,-66.25,-70.0,210.0,0.0
21093788,1011.26,6.71,-64.66,-350.0,280.0,0.0
21102789,1011.38,5.73,-68.56,-350.0,350.0,0.0
21109790,1010.4,4.76,-68.93,210.0,140.0,0.0
21118789,1010.77,5.37,-67.95,490.0,210.0,0.0
21125790,1010.89,6.59,-66.0,490.0,140.0,0.0
21134788,1011.62,8.05,-63.81,70.0,210.0,0.0
21143789,1011.62,7.69,-66.12,-420.0,350.0,0.0
21150789,1010.77,5.98,-67.59,-840.0,350.0,0.0
21159789,1010.28,4.39,-68.93,-490.0,350.0,70.0
21166788,1010.65,3.78,-69.42,70.0,350.0,70.0
21175788,1010.16,4.88,-66.86,420.0,210.0,70.0
21184788,1011.26,6.95,-65.76,420.0,210.0,70.0
21191789,1011.5,8.17,-65.03,140.0,280.0,0.0
21200789,1011.14,8.17,-66.0,-280.0,280.0,0.0
21209789,1010.77,6.71,-67.1,-560.0,350.0,70.0
21216789,1010.89,5.86,-66.86,-560.0,280.0,0.0
21225789,1010.89,5.0,-66.98,-280.0,350.0,0.0
21232789,1010.77,5.61,-66.98,0.0,210.0,0.0
21241789,1011.01,6.34,-67.83,70.0,210.0,0.0
21250788,1010.89,6.1,-66.61,0.0,210.0,0.0
21257789,1011.14,6.95,-66.73,-70.0,210.0,0.0
21266788,1010.28,6.59,-66.49,-140.0,280.0,0.0
21275789,1011.38,7.2,-66.86,-140.0,280.0,0.0
21282789,1011.01,6.34,-67.83,-350.0,350.0,0.0
21291789,1010.89,6.83,-67.22,-350.0,280.0,0.0
21298790,1010.53,5.12,-67.83,-210.0,210.0,0.0
21307789,1010.53,5.49,-67.1,0.0,210.0,70.0
21316788,1011.38,6.34,-66.98,140.0,210.0,0.0
21323789,1011.38,6.95,-66.73,210.0,210.0,0.0
21332789,1010.65,6.47,-66.0,70.0,280.0,0.0
21339789,1011.26,7.69,-65.39,-140.0,350.0,0.0
21348789,1011.01,5.61,-66.49,-350.0,280.0,0.0
21357789,1010.89,5.25,-69.05,-70.0,280.0,0.0
21364789,1010.89,5.73,-67.95,280.0,210.0,0.0
21373788,1010.77,7.2,-66.25,210.0,210.0,0.0
21382788,1011.5,6.71,-65.88,0.0,280.0,70.0
21389789,1011.14,6.22,-66.25,-140.0,280.0,0.0
21398789,1011.14,6.95,-67.59,-210.0,350.0,70.0
21405790,1010.65,5.98,-66.37,-70.0,280.0,70.0
21414789,1011.01,5.98,-67.95,0.0,210.0,0.0
21423788,1011.01,7.08,-67.71,-140.0,350.0,-70.0
21430790,1010.89,6.47,-66.25,-70.0,280.0,0.0
21439788,1010.77,7.08,-66.73,-210.0,210.0,70.0
21446789,1010.04,6.83,-66.98,-210.0,280.0,0.0
21455789,1010.89,6.22,-66.98,-210.0,280.0,0.0
21464788,1011.01,5.61,-66.73,-140.0,280.0,0.0
21471789,1010.77,6.59,-66.25,-140.0,210.0,0.0
21480788,1010.89,7.08,-67.47,-280.0,280.0,0.0
21489789,1010.53,5.73,-66.73,-210.0,280.0,0.0
21496789,1010.28,5.86,-66.49,-140.0,210.0,0.0
21505789,1011.14,6.1,-66.0,0.0,210.0,70.0
21512789,1010.77,6.59,-67.1,0.0,280.0,0.0
21521789,1010.28,6.59,-67.34,-70.0,280.0,0.0
21530789,1011.14,6.71,-66.61,-70.0,280.0,70.0
21537789,1011.14,6.34,-66.73,0.0,210.0,70.0
21546788,1010.53,6.22,-68.08,-70.0,280.0,0.0
21553789,1010.53,6.22,-66.49,0.0,280.0,0.0
21562788,1011.75,6.47,-66.0,70.0,280.0,0.0
21571788,1010.89,6.59,-67.34,70.0,280.0,70.0
21578789,1010.4,6.34,-66.86,-70.0,280.0,0.0
21587789,1011.87,5.98,-66.25,-70.0,280.0,0.0
21596788,1010.53,6.1,-65.64,-70.0,280.0,0.0
21603790,1010.53,6.95,-67.1,-140.0,210.0,0.0
21612789,1010.77,6.47,-67.95,-140.0,280.0,0.0
21619789,1010.65,6.22,-67.71,-140.0,280.0,0.0
21628788,1010.77,6.1,-67.34,-70.0,210.0,0.0
21637789,1010.16,5.98,-66.0,-70.0,280.0,70.0
21644790,1010.65,6.1,-66.61,-140.0,280.0,0.0
21653789,1011.75,6.71,-66.61,-140.0,210.0,70.0
21662789,1010.4,6.1,-67.1,-140.0,210.0,0.0
21669789,1011.14,5.86,-67.22,-140.0,210.0,0.0
21678789,1010.89,5.98,-67.59,-70.0,350.0,0.0
21685790,1010.16,6.34,-66.37,-70.0,280.0,70.0
21694789,1010.4,6.47,-68.2,-140.0,210.0,0.0
21703789,1011.14,6.34,-66.37,-70.0,280.0,70.0
21710789,1010.77,6.59,-66.12,0.0,210.0,0.0
21719789,1011.14,6.71,-66.37,70.0,280.0,0.0
21726789,1010.4,6.95,-66.49,-70.0,210.0,0.0
21735789,1011.26,6.34,-66.98,-140.0,280.0,0.0
21744789,1011.14,5.98,-67.1,-70.0,210.0,0.0
21751790,1010.89,6.1,-66.37,70.0,210.0,70.0
21760788,1010.89,6.22,-67.1,0.0,210.0,70.0
21769789,1011.26,6.83,-66.0,-70.0,210.0,0.0
21776790,1010.53,6.59,-66.98,-70.0,210.0,0.0
21785788,1010.77,6.59,-66.73,-210.0,280.0,0.0
21792790,1011.38,5.98,-66.61,-140.0,210.0,0.0
21801789,1010.77,6.34,-65.76,-70.0,280.0,0.0
21810789,1011.5,5.86,-66.73,-70.0,280.0,0.0
21817789,1009.79,6.22,-66.61,-70.0,280.0,70.0
21826788,1010.89,6.47,-66.73,-140.0,210.0,70.0
21833789,1010.89,6.34,-66.0,-210.0,280.0,0.0
21842789,1011.38,6.1,-67.1,-210.0,210.0,0.0
21851789,1010.28,5.98,-66.86,-140.0,350.0,0.0
21858790,1011.14,6.34,-67.22,-70.0,210.0,0.0
21867788,1010.53,5.98,-67.22,-70.0,280.0,0.0
21876788,1010.77,6.71,-66.73,-70.0,280.0,70.0
21883789,1011.01,6.34,-67.22,-70.0,280.0,0.0
21892789,1011.38,7.08,-66.12,-70.0,280.0,0.0
21899790,1011.75,6.1,-66.49,-140.0,210.0,0.0
21908789,1010.77,6.22,-66.98,-70.0,280.0,0.0
21917788,1011.01,5.49,-67.1,-70.0,210.0,0.0
21924790,1011.62,6.22,-67.22,0.0,280.0,0.0
21933788,1011.62,6.47,-66.0,-70.0,280.0,70.0
21942789,1011.26,6.59,-66.49,-70.0,280.0,0.0
21949790,1010.89,5.73,-66.98,-210.0,350.0,0.0
21958788,1010.53,6.59,-66.12,-70.0,210.0,0.0
21965789,1011.62,6.1,-67.71,-70.0,210.0,0.0
21974789,1010.28,6.1,-66.25,-70.0,280.0,0.0
21983789,1011.62,6.22,-67.1,-140.0,280.0,0.0
21990789,1011.01,7.2,-67.59,-70.0,280.0,0.0
21999789,1010.89,6.34,-66.86,-140.0,280.0,0.0
22006790,1011.26,6.71,-67.22,-140.0,280.0,0.0
22015789,1010.4,6.1,-66.49,-140.0,280.0,0.0
22024789,1010.65,5.86,-67.1,-70.0,210.0,0.0
22031789,1011.38,6.71,-66.25,-70.0,280.0,0.0
22040788,1010.28,5.73,-66.37,-70.0,210.0,0.0
22049789,1010.65,5.86,-67.59,-140.0,280.0,0.0
22056789,1010.28,6.1,-67.47,-70.0,210.0,0.0
22065789,1011.26,6.1,-66.86,0.0,280.0,0.0
22072789,1011.26,6.47,-66.37,0.0,280.0,70.0
22081789,1009.67,6.47,-66.25,-70.0,280.0,0.0
22090789,1011.01,6.34,-66.86,-140.0,280.0,0.0
22097790,1010.53,6.34,-67.34,-140.0,280.0,70.0
22106788,1011.14,5.61,-66.37,-70.0,280.0,0.0
22113790,1011.5,5.98,-66.49,-70.0,280.0,0.0
22122788,1011.26,5.86,-66.98,-70.0,350.0,0.0
22131789,1011.75,6.59,-66.61,-140.0,280.0,0.0
22138789,1010.65,6.34,-67.34,-140.0,280.0,0.0
22147789,1011.01,6.47,-66.86,0.0,210.0,0.0
22156789,1011.14,6.1,-66.86,-70.0,280.0,0.0
22163789,1010.16,6.83,-66.12,-70.0,280.0,0.0
22172788,1011.26,6.22,-67.22,-140.0,280.0,0.0
22179789,1010.77,6.47,-66.49,-70.0,280.0,0.0
22188789,1011.01,5.73,-66.86,0.0,210.0,0.0
22197788,1011.01,6.47,-67.1,-70.0,210.0,0.0
22204790,1011.38,6.47,-66.73,-70.0,280.0,0.0
22213789,1010.53,6.1,-67.22,-140.0,280.0,0.0
22220789,1011.26,6.22,-67.83,-140.0,210.0,0.0
22229789,1010.53,7.08,-66.73,-70.0,280.0,0.0
22238788,1011.87,6.71,-67.22,-140.0,280.0,0.0
22245790,1010.89,6.1,-66.25,-70.0,280.0,0.0
22254788,1011.14,6.34,-67.47,-140.0,210.0,0.0
22263789,1010.53,5.98,-66.86,-140.0,280.0,0.0
22270790,1010.53,5.98,-66.73,-140.0,210.0,0.0
22279789,1011.01,5.98,-67.22,-70.0,280.0,0.0
22286789,1011.14,6.59,-66.86,-70.0,210.0,0.0
22295788,1011.62,6.1,-66.73,-140.0,280.0,0.0
22304789,1010.89,6.47,-65.76,-70.0,280.0,0.0
22311790,1011.5,6.47,-67.71,-70.0,280.0,0.0
22320789,1011.14,6.34,-67.59,-140.0,280.0,70.0
22329788,1010.53,5.98,-66.49,-70.0,280.0,0.0
22336790,1010.89,6.83,-67.22,-70.0,210.0,70.0
22345788,1011.26,6.47,-67.22,-70.0,280.0,0.0
22352790,1010.65,6.71,-66.0,-70.0,280.0,70.0
22361788,1011.38,5.61,-66.98,-70.0,210.0,0.0
22370788,1010.4,6.34,-66.0,-70.0,280.0,0.0
22377790,1011.14,5.49,-66.12,-70.0,210.0,0.0
22386788,1011.38,6.59,-66.61,0.0,280.0,0.0
22393789,1011.14,6.1,-66.12,-70.0,280.0,0.0
22402789,1011.26,6.34,-67.1,-140.0,280.0,0.0
22411789,1010.89,5.86,-67.22,-70.0,280.0,-70.0
22418789,1010.16,6.59,-66.12,-70.0,210.0,0.0
22427789,1010.4,6.59,-67.59,-70.0,280.0,0.0
22436789,1010.89,6.71,-66.25,-140.0,280.0,0.0
22443789,1011.38,6.1,-66.86,-140.0,210.0,0.0
22452788,1010.53,5.86,-67.34,-140.0,280.0,0.0
22459789,1010.28,6.95,-67.22,-70.0,280.0,0.0
22468788,1011.14,5.98,-66.61,0.0,280.0,0.0
22477788,1010.4,6.71,-65.64,-70.0,280.0,0.0
22484790,1011.75,5.98,-66.98,-70.0,280.0,0.0
22493788,1010.89,6.71,-65.76,-140.0,280.0,0.0
22500790,1011.01,5.98,-67.1,-140.0,280.0,0.0
22509789,1011.5,6.83,-66.73,-70.0,210.0,70.0
22518788,1011.14,6.34,-67.47,0.0,280.0,0.0
22525789,1010.65,6.71,-67.34,-70.0,210.0,0.0
22534789,1011.14,6.83,-67.34,-70.0,280.0,0.0
22543789,1011.26,6.22,-66.86,-140.0,280.0,0.0
22550790,1010.77,5.37,-67.22,-70.0,280.0,0.0
22559789,1011.14,5.73,-66.49,-70.0,280.0,0.0
22566790,1011.75,6.34,-66.49,-140.0,210.0,0.0
22575789,1011.5,6.34,-67.34,-70.0,280.0,0.0
22584789,1010.65,5.61,-66.25,-70.0,280.0,0.0
22591789,1010.65,6.1,-66.86,-140.0,210.0,70.0
22600789,1011.01,7.32,-66.49,-70.0,280.0,0.0
22607789,1010.65,6.34,-66.86,-70.0,210.0,0.0
22616788,1011.5,6.47,-67.59,-70.0,210.0,0.0
22625788,1010.89,6.22,-66.86,0.0,210.0,0.0
22632789,1010.77,6.47,-66.61,-140.0,210.0,0.0
22641788,1009.79,6.47,-66.0,-70.0,280.0,0.0
22650789,1011.38,6.34,-67.59,-140.0,210.0,0.0
22657790,1010.77,6.83,-67.83,-70.0,280.0,0.0
22666789,1011.01,6.83,-65.64,-70.0,280.0,0.0
22673789,1010.77,6.1,-67.1,-140.0,280.0,70.0
22682788,1010.89,5.98,-67.22,-210.0,280.0,0.0
22691788,1011.14,6.34,-66.98,-140.0,210.0,0.0
22698790,1011.87,6.22,-66.86,-70.0,210.0,-70.0
22707788,1010.89,5.98,-65.51,-70.0,350.0,0.0
22716788,1010.53,5.49,-66.73,-70.0,280.0,0.0
22723790,1010.53,6.59,-67.59,-140.0,350.0,0.0
22732789,1010.65,6.34,-67.71,-210.0,280.0,0.0
22739789,1011.14,6.59,-67.34,-140.0,280.0,0.0
22748789,1010.28,5.73,-65.88,-70.0,210.0,0.0
22757788,1010.89,5.86,-67.47,-70.0,210.0,0.0
22764790,1010.77,7.08,-67.47,-70.0,280.0,0.0
22773789,1010.89,6.22,-66.0,-70.0,210.0,0.0
22780789,1011.75,5.86,-67.22,0.0,210.0,0.0
22789788,1011.26,6.34,-66.49,0.0,280.0,0.0
22798788,1010.77,5.98,-66.37,-70.0,280.0,0.0
22805789,1011.01,6.59,-67.22,-70.0,210.0,0.0
22814788,1010.89,6.34,-66.12,0.0,280.0,0.0
22823789,1011.99,6.47,-66.73,0.0,280.0,0.0
22830790,1010.65,6.22,-66.86,0.0,350.0,0.0
22839788,1010.77,5.86,-67.22,-70.0,210.0,0.0
22846789,1010.53,6.47,-67.22,-70.0,280.0,0.0
22855789,1010.89,5.61,-67.47,-140.0,280.0,0.0
22864789,1011.38,5.73,-65.76,-140.0,280.0,0.0
22871789,1011.26,5.98,-66.86,0.0,210.0,0.0
22880788,1011.75,5.98,-66.0,0.0,210.0,0.0
22887789,1010.77,6.71,-66.37,-70.0,210.0,0.0
22896788,1010.4,4.88,-66.98,-140.0,280.0,0.0
22905789,1011.87,6.83,-67.71,-140.0,210.0,0.0
22912790,1011.26,6.47,-65.39,-70.0,280.0,0.0
22921788,1010.28,6.59,-66.49,0.0,280.0,0.0
22930788,1011.14,6.1,-66.98,-140.0,280.0,0.0
22937790,1010.77,6.71,-67.71,-140.0,280.0,0.0
22946789,1011.38,5.25,-66.98,-70.0,280.0,0.0
22953790,1011.01,6.1,-67.1,-70.0,210.0,0.0
22962789,1010.77,6.22,-66.49,-70.0,210.0,0.0
22971788,1011.14,6.59,-66.86,-70.0,280.0,0.0
22978789,1010.53,5.86,-67.22,-70.0,280.0,0.0
22987789,1010.89,5.98,-67.47,-70.0,280.0,0.0
22994790,1012.11,5.25,-67.59,0.0,210.0,0.0
23003788,1011.38,6.22,-66.37,-70.0,280.0,0.0
23012788,1011.01,6.83,-66.61,-70.0,280.0,0.0
23019789,1010.28,6.47,-66.98,-70.0,350.0,0.0
23028789,1010.4,5.61,-66.49,-140.0,210.0,0.0
23037789,1010.53,5.0,-67.1,-70.0,280.0,0.0
23044790,1011.26,6.34,-66.12,-70.0,210.0,0.0
23053788,1010.89,6.59,-67.1,0.0,210.0,0.0
23060789,1010.4,5.86,-66.61,-210.0,350.0,70.0
23069789,1010.53,6.22,-67.1,-140.0,210.0,0.0
23078789,1011.38,6.34,-67.59,-70.0,280.0,0.0
23085789,1010.65,6.59,-66.61,0.0,210.0,0.0
23094788,1010.53,6.83,-67.34,-70.0,210.0,0.0
23103789,1011.62,6.47,-67.22,-70.0,280.0,0.0
23110790,1011.26,6.34,-66.86,-140.0,280.0,0.0
23119789,1010.89,5.98,-66.73,-70.0,280.0,0.0
23126789,1010.04,5.98,-67.1,-70.0,210.0,70.0
23135788,1011.01,6.1,-66.73,-70.0,280.0,70.0
23144789,1011.26,5.61,-66.61,0.0,280.0,0.0
23151789,1011.26,7.2,-66.73,-70.0,210.0,0.0
23160788,1011.38,6.71,-67.22,-140.0,280.0,0.0
23167790,1010.89,6.1,-67.95,-140.0,280.0,0.0
23176789,1011.14,5.86,-66.25,0.0,210.0,70.0
23185789,1010.53,6.22,-65.76,-70.0,280.0,0.0
23192789,1010.53,5.98,-67.1,-140.0,210.0,0.0
23201788,1011.14,5.98,-67.71,0.0,350.0,0.0
23210788,1010.04,6.71,-66.0,-70.0,280.0,0.0
23217790,1011.87,6.83,-66.49,-70.0,280.0,70.0
23226788,1010.89,6.22,-67.34,-70.0,350.0,0.0
23233789,1010.65,6.34,-67.1,-140.0,280.0,0.0
23242788,1010.53,6.59,-67.59,-140.0,280.0,0.0
23251788,1011.01,6.22,-66.12,-70.0,210.0,0.0
23258790,1011.14,6.1,-67.34,-70.0,210.0,0.0
23267789,1011.26,5.98,-66.73,-70.0,280.0,0.0
23274789,1010.77,5.98,-66.25,-70.0,210.0,0.0
23283788,1011.14,5.86,-66.98,-140.0,280.0,0.0
23292789,1011.14,6.1,-66.86,-140.0,280.0,70.0
23299789,1011.38,6.83,-67.1,-70.0,210.0,0.0
23308789,1010.65,5.98,-65.64,0.0,280.0,0.0
23317788,1011.01,6.34,-66.25,-70.0,210.0,0.0
23324789,1010.4,6.1,-67.71,-140.0,210.0,0.0
23333789,1010.4,5.98,-66.37,-140.0,280.0,0.0
23340790,1011.5,5.37,-66.12,-70.0,210.0,0.0
23349789,1010.77,6.34,-66.37,-70.0,280.0,0.0
23358789,1010.16,6.47,-66.37,-70.0,210.0,0.0
23365789,1011.01,6.34,-67.1,-70.0,280.0,0.0
23374789,1010.89,5.61,-67.71,-140.0,280.0,0.0
23381790,1010.65,6.34,-66.61,0.0,210.0,0.0
23390789,1011.75,6.59,-66.37,-70.0,280.0,0.0
23399789,1010.28,6.71,-66.37,-70.0,280.0,0.0
23406790,1011.87,6.83,-67.95,-140.0,210.0,0.0
23415789,1010.4,5.86,-67.95,-140.0,280.0,0.0
23424788,1010.77,6.34,-66.25,0.0,280.0,0.0
23431790,1010.4,5.98,-67.1,-70.0,210.0,0.0
23440789,1011.26,6.59,-66.86,-140.0,210.0,0.0
23447790,1011.01,5.98,-67.22,-70.0,210.0,0.0
23456788,1010.65,5.98,-65.27,-70.0,280.0,0.0
23465789,1010.77,6.22,-66.98,-70.0,210.0,0.0
23472790,1010.77,6.95,-66.61,-70.0,280.0,70.0
23481789,1010.16,5.86,-66.0,-70.0,280.0,0.0
23490788,1010.53,6.83,-66.98,-210.0,280.0,0.0
23497790,1010.89,5.73,-67.22,-140.0,280.0,0.0
23506789,1010.4,5.61,-66.37,-140.0,210.0,0.0
23513790,1011.87,5.73,-67.59,-70.0,210.0,0.0
23522788,1010.53,6.83,-66.37,0.0,280.0,0.0
23531788,1011.26,6.83,-67.47,-140.0,140.0,70.0
23538789,1010.53,6.71,-67.34,-210.0,280.0,0.0
23547788,1011.01,5.49,-65.15,-70.0,280.0,70.0
23554789,1012.11,6.34,-67.22,0.0,210.0,0.0
23563789,1010.53,6.1,-66.37,0.0,280.0,70.0
23572789,1011.01,7.32,-66.25,-70.0,210.0,0.0
23579789,1011.62,6.47,-66.86,-140.0,280.0,0.0
23588788,1011.14,6.34,-65.51,-70.0,210.0,0.0
23597789,1011.38,6.1,-67.34,-70.0,210.0,0.0
23604790,1011.26,6.1,-67.34,-70.0,280.0,0.0
23613789,1011.62,6.1,-66.61,-70.0,210.0,0.0
23620789,1010.77,6.22,-66.73,-70.0,280.0,0.0
23629789,1011.01,5.98,-66.73,-140.0,210.0,70.0
23638789,1010.89,6.22,-67.47,-70.0,210.0,0.0
23645790,1010.65,6.1,-67.34,-70.0,280.0,0.0
23654789,1011.26,6.22,-67.34,-70.0,210.0,0.0
23661789,1011.5,6.83,-66.61,-70.0,350.0,0.0
23670788,1011.01,5.73,-66.86,-70.0,210.0,0.0
23679789,1010.4,6.34,-66.37,-70.0,210.0,0.0
23686790,1010.65,6.34,-66.49,-70.0,280.0,0.0
23695788,1011.26,6.34,-67.47,-70.0,280.0,70.0
23704788,1010.53,5.86,-67.59,-70.0,280.0,0.0
23711789,1011.01,5.98,-65.88,-70.0,280.0,0.0
23720788,1011.14,6.95,-66.49,-140.0,210.0,0.0
23727789,1010.04,5.98,-67.34,-140.0,280.0,0.0
23736788,1010.65,5.61,-66.98,-140.0,210.0,0.0
23745789,1010.65,6.47,-67.1,-70.0,210.0,0.0
23752789,1010.77,6.47,-66.0,0.0,280.0,0.0
23761789,1010.16,6.22,-66.12,-70.0,210.0,0.0
23768790,1010.28,7.32,-67.71,-70.0,210.0,0.0
23777788,1011.14,6.34,-65.39,-140.0,210.0,0.0
23786788,1010.16,5.86,-66.37,-140.0,210.0,0.0
23793789,1010.28,5.98,-66.73,-70.0,280.0,0.0
23802789,1010.89,6.83,-68.08,-70.0,280.0,70.0
23811788,1011.26,6.47,-66.61,-70.0,350.0,0.0
23818789,1011.01,6.22,-66.49,-70.0,280.0,0.0
23827788,1010.4,6.22,-66.86,-70.0,280.0,0.0
23834789,1010.89,6.83,-67.1,-70.0,280.0,70.0
23843788,1010.4,5.61,-66.49,-70.0,280.0,0.0
23852789,1010.65,5.61,-67.1,-70.0,280.0,70.0
23859789,1009.92,6.59,-66.98,-70.0,280.0,0.0
23868789,1011.01,6.22,-66.61,0.0,280.0,0.0
23875789,1010.4,5.49,-67.59,-140.0,280.0,0.0
23884788,1010.16,7.08,-66.86,-140.0,280.0,0.0
23893789,1010.4,6.83,-65.39,-140.0,280.0,70.0
23900789,1011.26,5.49,-66.25,-70.0,210.0,0.0
23909789,1010.53,6.95,-67.1,0.0,280.0,70.0
23918789,1011.26,7.32,-68.2,-70.0,280.0,70.0
23925789,1011.14,6.59,-66.25,-70.0,280.0,0.0
23934789,1010.89,5.37,-66.37,-70.0,210.0,0.0
23941790,1010.04,6.83,-67.95,-70.0,210.0,70.0
23950789,1010.28,6.34,-66.86,-70.0,280.0,0.0
23959788,1010.04,6.59,-66.49,-70.0,280.0,0.0
23966789,1010.28,6.47,-67.71,-140.0,280.0,0.0
23975789,1011.38,5.73,-67.34,-70.0,280.0,0.0
23984789,1010.77,6.22,-66.49,-70.0,280.0,0.0
23991789,1011.14,6.59,-67.1,-70.0,210.0,0.0
24000788,1011.75,7.2,-67.22,-140.0,210.0,0.0
24007790,1011.01,6.83,-67.47,-140.0,280.0,0.0
24016788,1010.65,5.73,-66.98,-70.0,280.0,0.0
24025788,1010.89,5.86,-66.73,-70.0,280.0,0.0
24032790,1010.16,6.1,-66.73,0.0,280.0,0.0
24041789,1010.89,6.34,-67.22,-70.0,280.0,0.0
24048790,1010.4,6.34,-66.73,-70.0,280.0,0.0
24057789,1011.75,6.34,-67.59,-140.0,210.0,0.0
24066788,1011.01,6.22,-67.1,-70.0,280.0,0.0
24073790,1010.77,5.61,-66.61,-70.0,210.0,0.0
24082789,1011.14,6.34,-68.08,-70.0,210.0,70.0
24091789,1010.89,5.86,-66.49,-140.0,280.0,70.0
24098789,1010.53,5.49,-66.12,-140.0,210.0,0.0
24107789,1011.62,6.59,-67.83,-140.0,280.0,70.0
24114789,1010.28,5.61,-66.49,-70.0,280.0,0.0
24123789,1011.75,5.98,-66.73,-70.0,280.0,0.0
24132789,1010.4,6.34,-67.83,-140.0,280.0,0.0
24139790,1011.01,6.83,-66.61,-70.0,210.0,0.0
24148788,1011.62,6.34,-67.71,-140.0,280.0,0.0
24155789,1010.77,6.47,-66.25,-140.0,280.0,0.0
24164789,1011.75,6.1,-66.73,-70.0,280.0,0.0
24173789,1010.4,6.22,-67.59,-70.0,280.0,0.0
24180790,1010.89,6.22,-66.73,-140.0,210.0,70.0
24189788,1010.4,5.73,-66.49,-70.0,280.0,0.0
24198788,1011.38,6.59,-66.0,-70.0,210.0,0.0
24205790,1010.28,6.83,-65.76,-70.0,280.0,0.0
24214788,1011.14,5.98,-67.95,-70.0,210.0,70.0
24221789,1010.77,6.95,-66.37,-140.0,280.0,0.0
24230788,1010.77,5.86,-65.88,-70.0,210.0,0.0
24239788,1010.4,6.34,-67.59,-140.0,210.0,0.0
24246790,1011.62,5.61,-67.1,-140.0,280.0,70.0
24255789,1010.28,6.22,-66.37,-70.0,280.0,0.0
24262789,1010.77,6.22,-68.32,-70.0,210.0,70.0
24271789,1010.89,5.73,-66.49,-70.0,280.0,0.0
24280789,1011.87,5.98,-67.22,-140.0,280.0,0.0
24287790,1010.77,6.22,-67.83,-70.0,280.0,0.0
24296788,1011.14,6.22,-66.25,0.0,280.0,0.0
24305789,1011.26,6.83,-66.49,-140.0,280.0,0.0
24312790,1011.14,6.22,-66.12,-70.0,280.0,0.0
24321788,1011.75,6.59,-66.86,-70.0,280.0,0.0
24328790,1010.4,5.86,-67.47,-140.0,280.0,0.0
24337789,1011.38,6.1,-67.95,-140.0,210.0,0.0
24346789,1010.65,6.83,-66.49,-70.0,280.0,0.0
24353790,1011.38,6.47,-66.49,-70.0,280.0,0.0
24362789,1011.14,6.34,-66.73,-70.0,210.0,0.0
24369790,1011.14,6.22,-67.1,-70.0,280.0,0.0
24378789,1010.89,6.34,-66.73,-210.0,280.0,0.0
24387789,1011.99,6.1,-67.22,-140.0,280.0,0.0
24394789,1010.77,6.1,-66.12,-70.0,280.0,0.0
24403788,1011.14,6.83,-66.86,0.0,210.0,0.0
24412789,1010.89,6.1,-66.86,-70.0,280.0,0.0
24419790,1011.26,6.22,-67.47,-70.0,280.0,0.0
24428789,1011.26,6.34,-66.86,-70.0,280.0,0.0
24435789,1011.14,5.98,-67.22,0.0,280.0,0.0
24444788,1010.16,6.22,-67.22,0.0,280.0,70.0
24453789,1011.26,7.2,-66.25,-70.0,280.0,70.0
24460789,1011.14,6.47,-66.12,-140.0,280.0,0.0
24469788,1010.65,6.34,-66.61,-140.0,210.0,0.0
24478789,1010.77,5.98,-67.1,-140.0,210.0,0.0
24485790,1010.28,6.59,-66.98,0.0,280.0,0.0
24494789,1010.65,6.71,-67.1,0.0,210.0,0.0
24501790,1010.28,6.83,-67.47,-140.0,280.0,0.0
24510788,1011.75,5.98,-67.22,-140.0,280.0,0.0
24519788,1011.26,6.83,-66.86,-140.0,210.0,0.0
24526790,1010.4,5.73,-66.73,0.0,210.0,0.0
24535788,1010.65,6.34,-67.22,0.0,210.0,0.0
24542789,1011.75,5.73,-66.98,-140.0,280.0,70.0
24551789,1011.62,5.86,-66.37,-140.0,280.0,0.0
24560788,1011.38,6.22,-67.47,-70.0,210.0,0.0
24567790,1010.4,6.47,-65.51,-70.0,280.0,0.0
24576788,1011.75,6.83,-66.73,-70.0,210.0,0.0
24585789,1011.26,6.1,-66.98,-70.0,210.0,0.0
24592789,1011.26,6.83,-66.86,-70.0,210.0,0.0
24601788,1010.28,6.47,-67.83,-70.0,280.0,0.0
24608789,1010.77,6.34,-65.76,0.0,280.0,0.0
24617788,1011.14,6.34,-67.71,-70.0,210.0,70.0
24626789,1011.01,6.83,-66.86,-70.0,280.0,0.0
24633790,1010.65,6.22,-66.12,-70.0,280.0,0.0
24642789,1010.53,5.61,-67.95,-210.0,210.0,0.0
24649789,1011.14,6.22,-66.86,-140.0,280.0,70.0
24658789,1010.65,6.34,-66.49,-70.0,210.0,0.0
24667789,1011.62,5.49,-66.86,0.0,280.0,0.0
24674789,1010.4,5.98,-66.12,-70.0,210.0,0.0
24683788,1010.89,5.98,-67.71,-140.0,280.0,0.0
24692789,1010.53,6.34,-66.86,-140.0,280.0,0.0
24699790,1011.14,6.1,-67.59,-140.0,210.0,0.0
24708788,1011.38,6.59,-66.98,-140.0,350.0,0.0
24715790,1010.28,6.83,-66.61,-70.0,280.0,70.0
24724789,1011.62,5.86,-66.49,-140.0,210.0,0.0
24733788,1010.77,7.08,-67.22,-140.0,280.0,0.0
24740789,1010.65,6.1,-67.71,-140.0,280.0,0.0
24749788,1010.53,5.98,-65.88,-70.0,210.0,0.0
24756789,1010.65,6.71,-66.37,0.0,210.0,0.0
24765788,1010.77,6.1,-66.73,-140.0,280.0,0.0
24774789,1010.4,5.37,-66.86,-210.0,280.0,0.0
24781789,1010.65,5.86,-67.47,-70.0,210.0,0.0
24790788,1011.14,5.98,-66.12,0.0,280.0,0.0
24799789,1010.89,6.47,-65.76,0.0,280.0,0.0
24806790,1011.14,6.34,-66.61,-70.0,210.0,0.0
24815789,1010.65,6.47,-67.47,-70.0,280.0,70.0
24822789,1011.14,6.47,-67.71,0.0,210.0,70.0
24831788,1010.77,7.08,-64.9,0.0,350.0,0.0
24840789,1009.67,4.51,-68.69,-70.0,210.0,0.0
24847790,1011.87,7.69,-68.32,280.0,280.0,70.0
24856789,1008.7,5.61,-64.05,70.0,210.0,0.0
24865788,1012.48,9.27,-66.37,-350.0,140.0,0.0
24872790,1010.04,5.49,-65.76,-420.0,350.0,70.0
24881789,1011.5,5.73,-67.95,-280.0,210.0,0.0
24888790,1010.65,5.37,-67.83,0.0,280.0,0.0
24897788,1011.14,6.47,-65.15,70.0,210.0,70.0
24906788,1012.11,6.83,-67.83,-70.0,210.0,0.0
24913790,1011.14,6.71,-65.88,-210.0,280.0,0.0
24922789,1011.5,5.73,-66.25,-210.0,210.0,0.0
24929789,1011.5,6.34,-67.1,-140.0,280.0,0.0
24938789,1009.67,6.22,-67.22,-140.0,280.0,0.0
24947789,1010.53,6.1,-69.05,-210.0,210.0,70.0
24954789,1011.26,5.49,-66.73,-70.0,350.0,0.0
24963789,1011.5,6.1,-66.25,70.0,210.0,0.0
24972789,1011.26,5.73,-67.47,70.0,280.0,0.0
24979789,1010.28,6.1,-65.76,0.0,210.0,0.0
24988788,1011.5,6.47,-67.1,-70.0,280.0,0.0
24995790,1009.92,6.1,-66.86,-140.0,280.0,0.0
25004789,1010.65,5.61,-66.37,-210.0,210.0,0.0
25013789,1011.26,5.37,-69.54,0.0,280.0,0.0
25020790,1011.01,6.83,-66.49,140.0,280.0,0.0
25029789,1010.53,6.47,-65.88,140.0,140.0,0.0
25036789,1011.38,6.71,-66.25,-210.0,350.0,0.0
25045788,1010.53,6.59,-66.49,-280.0,280.0,0.0
25054788,1010.53,5.98,-69.54,-280.0,280.0,0.0
25061790,1010.16,5.61,-66.86,-140.0,280.0,0.0
25070789,1010.89,5.73,-67.59,140.0,140.0,0.0
25079789,1011.62,5.98,-66.25,70.0,210.0,0.0
25086790,1010.77,6.34,-64.9,-210.0,280.0,0.0
25095789,1010.89,5.98,-67.1,-280.0,280.0,0.0
25102789,1011.14,5.73,-66.86,-140.0,280.0,0.0
25111788,1010.28,5.98,-65.51,-70.0,210.0,0.0
25120788,1011.01,6.71,-66.86,-70.0,350.0,0.0
25127790,1011.14,6.83,-66.73,-70.0,280.0,0.0
25136789,1010.77,6.95,-66.61,-70.0,210.0,0.0
25143789,1010.77,6.95,-66.12,-140.0,280.0,0.0
25152788,1010.77,6.22,-66.61,0.0,210.0,0.0
25161788,1010.4,6.83,-67.47,70.0,280.0,0.0
25168790,1010.4,6.59,-66.37,-70.0,280.0,0.0
25177789,1011.5,6.34,-67.47,-140.0,210.0,0.0
25186789,1011.26,5.86,-67.34,-140.0,280.0,0.0
25193790,1010.89,5.98,-65.88,-70.0,210.0,0.0
25202788,1010.65,6.1,-66.49,0.0,280.0,70.0
25209789,1010.77,6.59,-66.49,-70.0,280.0,0.0
25218789,1010.77,6.71,-67.47,-140.0,280.0,0.0
25227789,1011.14,6.22,-66.49,-210.0,280.0,0.0
25234790,1011.01,6.83,-66.25,-140.0,210.0,70.0
25243788,1011.01,6.59,-66.25,-70.0,210.0,0.0
25252789,1010.89,6.59,-66.98,-140.0,280.0,0.0
25259789,1010.65,6.1,-67.47,-210.0,280.0,0.0
25268789,1011.38,5.49,-66.25,-140.0,280.0,0.0
25275789,1010.77,6.34,-66.86,-70.0,280.0,0.0
25284789,1010.89,6.59,-67.59,0.0,280.0,0.0
25293788,1011.01,6.71,-66.98,-70.0,350.0,0.0
25300789,1011.38,5.86,-67.47,-140.0,280.0,0.0
25309788,1010.28,6.71,-66.49,-140.0,280.0,0.0
25316790,1010.65,5.49,-67.59,-70.0,280.0,0.0
25325788,1010.04,6.83,-67.22,-70.0,280.0,0.0
25334788,1010.65,6.22,-65.64,0.0,140.0,0.0
25341789,1011.38,6.71,-67.83,-70.0,210.0,70.0
25350789,1011.75,6.22,-67.22,-140.0,280.0,0.0
25359789,1011.14,5.86,-66.12,-140.0,210.0,0.0
25366790,1010.65,5.86,-66.73,-210.0,210.0,0.0
25375788,1010.16,6.95,-66.37,-140.0,280.0,0.0
25382789,1011.62,6.47,-67.59,-140.0,210.0,0.0
25391789,1011.5,5.86,-65.51,-70.0,280.0,70.0
25400789,1011.14,6.83,-66.61,-70.0,210.0,0.0
25407790,1011.5,7.08,-67.47,-70.0,350.0,0.0
25416789,1010.89,6.34,-67.34,-210.0,210.0,0.0
25423789,1011.14,6.1,-66.37,-140.0,210.0,70.0
25432788,1010.89,6.47,-66.73,-70.0,280.0,70.0
25441788,1011.26,6.47,-66.61,-70.0,280.0,0.0
25448789,1011.01,6.71,-68.69,-140.0,280.0,70.0
25457789,1010.28,6.59,-67.34,-140.0,280.0,0.0
25466788,1011.38,7.32,-65.88,0.0,280.0,0.0
25473790,1010.77,5.61,-67.71,0.0,350.0,0.0
25482788,1010.16,7.2,-66.73,-140.0,210.0,70.0
25489789,1012.36,6.59,-66.98,-140.0,280.0,0.0
25498789,1011.14,6.59,-66.61,-140.0,280.0,0.0
25507788,1010.28,5.61,-66.0,-70.0,280.0,0.0
25514789,1011.26,7.2,-66.61,-70.0,280.0,70.0
25523789,1010.89,6.1,-67.71,-140.0,280.0,0.0
25532789,1010.16,5.86,-67.95,-140.0,280.0,0.0
25539790,1010.77,6.47,-67.47,-70.0,210.0,0.0
25548788,1010.65,6.34,-66.25,-70.0,280.0,0.0
25555789,1011.38,5.49,-66.0,-70.0,210.0,0.0
25564789,1010.89,6.1,-67.59,-210.0,280.0,0.0
25573789,1010.77,5.73,-66.86,-140.0,210.0,0.0
25580790,1010.65,5.98,-67.22,-140.0,210.0,0.0
25589789,1010.65,5.37,-66.61,0.0,350.0,0.0
25596790,1011.01,6.22,-66.0,0.0,210.0,0.0
25605788,1011.99,6.22,-67.47,0.0,210.0,0.0
25614788,1008.45,7.08,-66.61,-140.0,280.0,0.0
25621789,1011.38,5.98,-66.49,-140.0,350.0,0.0
25630788,1010.53,6.1,-67.83,0.0,280.0,0.0
25639789,1012.11,5.61,-66.25,-70.0,280.0,0.0
25646789,1010.16,6.47,-67.83,-140.0,280.0,0.0
25655788,1011.5,5.98,-67.59,-140.0,280.0,0.0
25662789,1011.14,5.49,-66.0,-70.0,350.0,0.0
25671788,1011.01,5.86,-67.47,-70.0,210.0,0.0
25680788,1010.4,6.1,-66.49,0.0,280.0,0.0
25687790,1010.53,6.71,-65.76,-70.0,210.0,0.0
25696788,1010.89,7.32,-67.59,-140.0,280.0,0.0
25703790,1010.53,6.1,-65.39,-140.0,350.0,0.0
25712788,1011.01,6.71,-68.08,-70.0,140.0,70.0
25721788,1011.14,5.61,-67.71,0.0,350.0,0.0
25728789,1010.65,5.98,-65.03,-140.0,280.0,0.0
25737789,1010.77,6.1,-67.22,-140.0,210.0,0.0
25746789,1010.4,6.22,-66.49,-210.0,280.0,0.0
25753789,1010.77,6.47,-66.98,-140.0,210.0,0.0
25762789,1010.77,6.47,-67.22,-70.0,280.0,0.0
25769790,1010.53,6.47,-65.39,0.0,210.0,0.0
25778789,1010.89,6.59,-66.86,-70.0,210.0,0.0
25787789,1010.04,6.34,-67.1,-210.0,210.0,0.0
25794790,1011.14,6.34,-67.71,-70.0,280.0,0.0
25803788,1010.77,5.98,-66.61,0.0,280.0,0.0
25810790,1011.01,5.98,-66.37,0.0,280.0,0.0
25819789,1011.01,6.22,-67.71,-70.0,210.0,0.0
25828789,1010.4,6.22,-67.47,-140.0,280.0,70.0
25835789,1010.77,5.0,-67.1,-210.0,280.0,0.0
25844789,1010.16,6.59,-67.47,-70.0,350.0,0.0
25853789,1011.14,6.59,-66.49,0.0,280.0,0.0
25860790,1010.89,6.71,-65.64,0.0,210.0,0.0
25869789,1011.75,6.22,-67.22,-140.0,280.0,0.0
25876789,1010.28,6.83,-66.98,-210.0,210.0,0.0
25885789,1010.28,5.49,-68.32,-210.0,210.0,0.0
25894789,1010.28,6.1,-65.64,-140.0,280.0,70.0
25901789,1009.55,6.34,-66.49,-70.0,210.0,0.0
25910788,1011.87,6.83,-67.22,-140.0,280.0,0.0
25919789,1010.4,6.59,-65.64,-140.0,280.0,0.0
25926789,1011.38,6.1,-66.25,-140.0,210.0,0.0
25935788,1010.4,5.86,-67.83,-70.0,280.0,0.0
25942790,1011.01,6.47,-66.37,0.0,210.0,0.0
25951789,1011.14,6.95,-66.73,-70.0,280.0,0.0
25960788,1010.89,6.47,-67.1,-210.0,280.0,0.0
25967789,1011.38,5.73,-66.37,-70.0,210.0,0.0
25976788,1011.62,6.34,-66.86,0.0,280.0,0.0
25983790,1009.92,6.34,-67.22,0.0,280.0,0.0
25992789,1010.77,6.59,-67.47,-140.0,280.0,0.0
26001789,1011.62,6.22,-66.98,-70.0,280.0,0.0
26008790,1010.16,6.59,-67.34,-140.0,210.0,0.0
26017789,1011.87,6.47,-67.83,-70.0,280.0,0.0
26026788,1010.4,6.59,-66.86,-70.0,280.0,0.0
26033789,1011.14,6.1,-68.2,-70.0,210.0,0.0
26042788,1009.92,6.71,-67.22,-70.0,280.0,0.0
26049789,1010.89,5.98,-66.25,-70.0,280.0,70.0
26058788,1010.53,6.34,-67.34,-70.0,210.0,0.0
26067788,1010.53,6.71,-65.64,0.0,280.0,0.0
26074789,1011.01,6.95,-66.61,-70.0,210.0,70.0
26083789,1011.01,6.71,-68.44,-140.0,280.0,0.0
26090789,1010.65,5.73,-66.49,-70.0,350.0,70.0
26099789,1011.26,5.49,-67.95,0.0,140.0,70.0
26108788,1010.77,5.98,-66.37,-70.0,280.0,0.0
26115789,1009.92,6.71,-65.15,0.0,280.0,0.0
26124789,1011.26,5.86,-68.2,-140.0,210.0,0.0
26133788,1011.01,6.47,-66.73,-70.0,280.0,0.0
26140789,1011.14,5.61,-66.98,-70.0,210.0,-70.0
26149788,1010.28,6.95,-67.34,-70.0,350.0,0.0
26156789,1010.16,6.22,-66.73,-140.0,210.0,0.0
26165789,1011.5,6.71,-67.83,-140.0,210.0,0.0
26174789,1011.5,5.61,-65.76,-70.0,350.0,70.0
26181790,1010.77,5.61,-66.49,-70.0,210.0,70.0
26190789,1011.14,5.86,-68.2,-70.0,280.0,0.0
26199788,1009.92,6.1,-66.0,-140.0,350.0,0.0
26206789,1010.65,5.86,-66.61,0.0,210.0,70.0
26215788,1010.89,6.47,-67.59,-70.0,280.0,0.0
26222789,1010.16,5.86,-66.0,0.0,280.0,0.0
26231789,1010.65,6.1,-66.98,-70.0,210.0,0.0
26240789,1011.38,6.47,-65.76,-70.0,280.0,0.0
26247789,1012.11,6.22,-67.95,-70.0,280.0,0.0
26256789,1011.14,6.34,-67.95,-70.0,280.0,0.0
26263790,1010.04,6.1,-66.37,-70.0,280.0,0.0
26272788,1011.14,7.32,-66.0,-70.0,210.0,0.0
26281789,1011.14,5.98,-66.49,-140.0,280.0,0.0
26288790,1010.77,5.86,-66.0,-70.0,210.0,0.0
26297788,1011.38,6.1,-66.86,-70.0,280.0,0.0
26306788,1010.4,6.34,-66.37,0.0,280.0,70.0
26313789,1011.01,5.12,-66.0,-70.0,210.0,0.0
26322789,1010.04,6.71,-67.1,-70.0,280.0,0.0
26329789,1010.65,5.98,-67.22,-140.0,280.0,0.0
26338789,1010.16,6.47,-66.12,-70.0,280.0,70.0
26347788,1011.5,5.73,-67.34,0.0,280.0,0.0
26354790,1010.89,6.95,-67.47,-70.0,280.0,0.0
26363788,1010.77,6.1,-67.47,-140.0,280.0,0.0
26370790,1011.14,5.37,-66.37,-70.0,350.0,0.0
26379789,1011.75,6.34,-67.22,0.0,280.0,0.0
26388789,1010.53,7.2,-66.49,-70.0,280.0,0.0
26395789,1011.14,6.71,-68.32,-140.0,280.0,70.0
26404789,1010.16,5.98,-66.73,-210.0,210.0,0.0
26413788,1007.84,7.81,-67.47,-140.0,210.0,0.0
26420789,1010.89,4.51,-67.34,-140.0,350.0,0.0
26429788,1011.26,7.2,-66.12,-70.0,210.0,0.0
26436789,1011.38,6.47,-65.76,-70.0,280.0,0.0
26445789,1007.11,9.76,-66.12,-70.0,350.0,0.0
26454788,1014.8,3.29,-67.47,-210.0,350.0,0.0
26461790,1013.82,1.71,-62.1,-140.0,420.0,0.0
26470788,1007.6,11.96,-69.05,-70.0,140.0,0.0
26477789,1013.94,3.42,-66.61,-140.0,630.0,0.0
26486789,1009.67,3.66,-56.0,70.0,560.0,0.0
26495789,1007.48,14.27,-66.61,210.0,210.0,0.0
26502790,1009.55,11.96,-62.71,210.0,560.0,70.0
26511789,1010.53,-0.49,-58.68,280.0,350.0,0.0
26520789,1018.21,-3.29,-72.59,0.0,0.0,0.0
26527790,1014.92,1.59,-65.39,140.0,630.0,0.0
26536789,1006.5,10.49,-52.09,700.0,70.0,0.0
26543789,1009.92,18.79,-68.81,630.0,-280.0,-70.0
26552788,1004.06,8.91,-58.19,140.0,630.0,0.0
26561788,1016.26,-1.1,-70.39,-420.0,-350.0,70.0
26568790,1014.31,-2.56,-71.37,-420.0,630.0,0.0
26577789,1014.19,8.42,-78.57,-280.0,-210.0,-70.0
26586789,1006.13,11.22,-81.74,0.0,560.0,0.0
26593790,1002.23,10.13,-68.93,280.0,350.0,0.0
26602789,1010.65,6.1,-69.05,490.0,140.0,70.0
26609789,1017.85,1.95,-63.32,210.0,490.0,0.0
26618788,1013.7,3.05,-61.24,140.0,70.0,0.0
26627788,1010.77,5.86,-64.42,-140.0,490.0,0.0
26634789,1002.6,11.83,-60.51,70.0,70.0,0.0
26643788,1010.28,11.71,-73.08,-210.0,70.0,0.0
26650790,1013.94,6.47,-72.1,-420.0,350.0,70.0
26659788,1015.28,-1.59,-74.54,-490.0,280.0,0.0
26668788,1011.01,1.1,-72.71,-70.0,350.0,0.0
26675790,1007.6,8.91,-69.54,280.0,210.0,0.0
26684789,1007.96,14.03,-66.49,420.0,210.0,0.0
26693789,1008.94,8.91,-59.41,350.0,350.0,0.0
26700790,1013.58,2.2,-60.39,70.0,140.0,0.0
26709789,1013.94,1.46,-62.34,-210.0,280.0,0.0
26716789,1013.21,6.47,-69.54,-560.0,140.0,0.0
26725788,1007.11,9.64,-71.86,-490.0,350.0,0.0
26734789,1007.72,8.91,-74.54,-280.0,70.0,0.0
26741790,1009.18,5.73,-75.88,-70.0,210.0,70.0
26750787,1013.94,2.81,-77.23,-70.0,210.0,70.0
26757789,1014.06,3.66,-75.64,-210.0,280.0,0.0
26766789,1010.04,6.34,-71.13,-210.0,490.0,0.0
26775789,1005.77,9.39,-67.1,70.0,210.0,0.0
26782789,1008.82,9.76,-67.22,0.0,280.0,70.0
26791788,1011.87,7.08,-65.27,-210.0,210.0,0.0
26800789,1014.43,3.29,-68.69,-560.0,210.0,0.0
26807790,1012.6,-0.85,-55.51,-420.0,630.0,70.0
26816789,1005.4,7.32,-41.6,350.0,-210.0,0.0
26823789,1013.82,14.76,-69.66,-140.0,-350.0,0.0
26832789,1011.26,5.86,-64.17,-840.0,630.0,70.0
26841789,1012.36,0.85,-57.58,-560.0,350.0,70.0
26848789,1011.75,4.88,-72.96,-140.0,-70.0,0.0
26857789,1009.55,9.64,-73.44,-70.0,420.0,0.0
26864789,1011.87,5.25,-57.58,210.0,350.0,70.0
26873789,1012.84,4.27,-59.17,280.0,210.0,0.0
26882788,1012.11,7.93,-69.17,-210.0,350.0,0.0
26889789,1009.79,6.95,-64.29,-210.0,700.0,0.0
26898789,1009.06,4.76,-65.64,140.0,280.0,0.0
26907788,1011.87,7.93,-76.01,70.0,140.0,0.0
26914789,1009.43,5.49,-65.64,0.0,630.0,0.0
26923789,1010.65,5.73,-61.98,210.0,70.0,0.0
26930790,1011.75,6.59,-69.54,140.0,210.0,0.0
26939788,1010.4,6.71,-65.88,-210.0,350.0,0.0
26948788,1010.77,5.73,-66.86,-140.0,210.0,70.0
26955789,1010.77,6.22,-72.47,-140.0,210.0,0.0
26964789,1011.87,5.86,-70.03,-140.0,280.0,70.0
26973788,1010.65,4.64,-62.95,140.0,280.0,0.0
26980790,1011.14,6.22,-62.59,210.0,140.0,0.0
26989789,1011.38,9.15,-65.88,0.0,280.0,0.0
26996789,1010.89,7.32,-64.17,-210.0,420.0,0.0
27005789,1010.65,5.0,-63.81,0.0,350.0,0.0
27014789,1009.67,8.17,-62.95,210.0,140.0,0.0
27021789,1012.36,4.88,-68.69,-70.0,210.0,0.0
27030788,1012.23,4.88,-68.81,-350.0,280.0,0.0
27037789,1012.48,5.0,-72.47,-350.0,280.0,0.0
27046788,1009.06,6.71,-68.32,70.0,350.0,70.0
27055788,1008.09,8.54,-71.0,350.0,-70.0,0.0
27062789,1012.36,8.91,-80.03,-210.0,140.0,0.0
27071789,1011.75,1.95,-63.56,-420.0,700.0,0.0
27080788,1008.94,4.03,-48.07,210.0,-140.0,0.0
27087789,1013.58,9.52,-71.0,-140.0,-280.0,0.0
27096788,1009.31,8.3,-68.44,-630.0,490.0,70.0
27103790,1009.55,3.66,-61.12,-490.0,280.0,70.0
27112789,1012.36,5.61,-71.49,-70.0,-140.0,0.0
27121789,1011.26,6.71,-71.74,-70.0,280.0,70.0
27128790,1011.87,4.76,-62.59,0.0,280.0,0.0
27137788,1011.38,5.37,-58.56,70.0,210.0,0.0
27144789,1012.84,7.44,-67.71,-350.0,210.0,0.0
27153788,1011.38,6.1,-65.27,-350.0,560.0,0.0
27162788,1009.79,4.39,-66.37,-70.0,210.0,0.0
27169789,1012.11,5.98,-71.98,210.0,280.0,0.0
27178789,1009.92,6.1,-62.34,210.0,630.0,0.0
27187789,1011.99,5.86,-62.1,140.0,280.0,0.0
27194790,1011.5,6.71,-67.47,0.0,490.0,0.0
27203788,1008.57,6.1,-65.76,-70.0,420.0,0.0
27210790,1010.16,6.59,-63.81,210.0,280.0,0.0
27219789,1009.31,8.05,-61.49,420.0,140.0,0.0
27228789,1013.7,7.2,-70.27,0.0,70.0,0.0
27235790,1010.65,5.12,-65.64,-280.0,490.0,0.0
27244789,1010.77,5.0,-65.51,-140.0,210.0,0.0
27253788,1010.16,7.56,-65.03,280.0,280.0,0.0
27260790,1010.89,8.17,-70.27,140.0,70.0,0.0
27269789,1013.58,6.59,-71.74,-210.0,420.0,70.0
27276789,1010.89,3.05,-62.22,-210.0,560.0,0.0
27285788,1010.89,5.37,-60.27,280.0,70.0,0.0
27294788,1009.67,8.05,-59.9,490.0,280.0,0.0
27301789,1009.67,9.03,-59.54,280.0,210.0,0.0
27310788,1012.11,5.86,-58.93,70.0,350.0,0.0
27317789,1011.5,4.27,-54.53,0.0,350.0,0.0
27326788,1012.48,5.73,-64.9,140.0,-70.0,-70.0
27335789,1011.38,6.71,-69.17,0.0,280.0,0.0
27342790,1009.55,7.08,-67.83,0.0,280.0,0.0
27351789,1010.53,5.98,-67.34,210.0,350.0,0.0
27360789,1011.01,5.12,-61.0,560.0,280.0,0.0
27367790,1013.09,5.49,-62.83,560.0,140.0,0.0
27376789,1011.75,6.71,-59.17,420.0,420.0,0.0
27383789,1010.28,5.86,-55.14,420.0,280.0,0.0
27392789,1011.5,6.95,-55.63,560.0,210.0,0.0
27401788,1011.5,6.95,-57.34,490.0,210.0,0.0
27408789,1012.84,6.59,-61.0,280.0,210.0,0.0
27417789,1011.75,4.76,-60.02,140.0,350.0,0.0
27424789,1011.62,4.27,-60.88,420.0,280.0,0.0
27433789,1011.38,6.59,-61.24,770.0,210.0,-70.0
27442789,1011.5,7.44,-61.73,770.0,140.0,-70.0
27449789,1011.26,6.95,-59.78,630.0,350.0,-70.0
27458788,1011.62,5.86,-57.34,630.0,280.0,0.0
27467788,1012.84,5.37,-56.97,700.0,280.0,-70.0
27474789,1011.87,5.98,-58.19,840.0,210.0,-70.0
27483789,1011.26,6.34,-60.88,770.0,210.0,-70.0
27490789,1010.53,6.22,-61.24,770.0,420.0,0.0
27499788,1011.62,6.1,-60.15,910.0,210.0,-70.0
27508789,1011.62,5.49,-61.85,980.0,210.0,-70.0
27515789,1011.87,5.98,-61.24,1050.0,280.0,-70.0
27524789,1011.75,5.61,-59.41,1050.0,280.0,-70.0
27531790,1011.26,6.47,-56.73,1050.0,350.0,-140.0
27540789,1010.53,7.08,-56.36,1120.0,280.0,-70.0
27549789,1012.11,7.44,-58.8,1050.0,210.0,-70.0
27556789,1011.38,6.1,-60.27,1050.0,280.0,-70.0
27565789,1011.62,5.73,-61.37,1120.0,280.0,-70.0
27574789,1011.01,5.25,-61.98,1260.0,280.0,-70.0
27581789,1010.28,6.83,-63.07,1260.0,140.0,-140.0
27590788,1010.65,6.47,-66.0,1190.0,210.0,-140.0
27597789,1011.38,5.73,-63.93,1190.0,350.0,-140.0
27606788,1011.62,5.25,-61.85,1330.0,280.0,-140.0
27615788,1011.75,5.73,-60.63,1470.0,210.0,-70.0
27622790,1011.01,6.95,-61.0,1470.0,280.0,-70.0
27631789,1011.14,7.44,-61.98,1330.0,210.0,-140.0
27640789,1010.28,6.34,-60.76,1330.0,280.0,-70.0
27647789,1011.26,5.86,-62.34,1400.0,210.0,-70.0
27656788,1011.26,6.22,-64.78,1400.0,140.0,-140.0
27663789,1011.5,6.59,-67.47,1400.0,210.0,-70.0
27672788,1010.65,5.98,-66.25,1470.0,350.0,-70.0
27681788,1009.43,6.22,-64.05,1610.0,280.0,-140.0
27688789,1011.26,6.34,-64.9,1680.0,140.0,-70.0
27697788,1011.26,6.47,-63.68,1540.0,280.0,-140.0
27704790,1011.5,6.83,-63.2,1540.0,280.0,-140.0
27713788,1010.53,6.47,-61.85,1470.0,280.0,-140.0
27722788,1010.77,5.98,-63.32,1540.0,140.0,-140.0
27729789,1011.38,7.08,-66.98,1470.0,210.0,-70.0
27738788,1011.5,6.22,-67.83,1400.0,210.0,-70.0
27747789,1011.38,5.12,-67.83,1470.0,280.0,-70.0
27754790,1011.01,5.12,-66.86,1610.0,280.0,-140.0
27763788,1011.14,5.49,-65.15,1820.0,280.0,-140.0
27770790,1010.53,7.56,-62.71,1820.0,210.0,-70.0
27779789,1010.89,7.2,-61.85,1610.0,350.0,-140.0
27788788,1010.4,5.86,-58.19,1680.0,350.0,-140.0
27795790,1011.38,5.0,-58.56,1750.0,210.0,-140.0
27804789,1012.36,5.49,-61.0,1750.0,140.0,-70.0
27811789,1011.38,5.98,-61.49,1610.0,210.0,-140.0
27820789,1010.4,7.08,-63.07,1680.0,210.0,-140.0
27829789,1010.4,5.73,-63.68,1750.0,210.0,-140.0
27836790,1011.26,6.34,-64.54,1890.0,210.0,-140.0
27845788,1011.38,5.73,-67.34,1820.0,140.0,-140.0
27854789,1011.5,5.73,-66.61,1820.0,280.0,-140.0
27861790,1010.65,5.12,-65.27,1820.0,210.0,-140.0
27870789,1010.4,6.47,-67.22,1820.0,210.0,-140.0
27877790,1010.53,6.95,-69.91,1680.0,210.0,-140.0
27886788,1010.28,6.59,-72.1,1540.0,280.0,-140.0
27895788,1009.92,5.12,-70.39,1610.0,350.0,-140.0
27902789,1011.75,5.25,-71.49,1750.0,210.0,-140.0
27911789,1011.75,6.1,-69.78,1820.0,280.0,-140.0
27920789,1011.01,6.59,-69.17,1890.0,210.0,-140.0
27927789,1009.79,6.59,-65.64,1820.0,420.0,-140.0
27936788,1009.18,6.95,-59.17,1890.0,280.0,-140.0
27943789,1011.87,6.22,-60.15,1890.0,280.0,-70.0
27952789,1011.01,6.34,-58.56,1960.0,280.0,-140.0
27961789,1011.26,5.98,-60.39,1820.0,140.0,-140.0
27968789,1011.87,4.76,-62.1,1750.0,350.0,-70.0
27977788,1010.4,5.86,-61.73,1750.0,210.0,-140.0
27984789,1010.4,6.34,-68.69,1820.0,70.0,-140.0
27993789,1010.28,6.95,-70.15,1890.0,280.0,-140.0
28002789,1010.77,1.1,-68.2,1820.0,210.0,-210.0
28009789,1012.36,1.71,-71.25,1820.0,140.0,-140.0
28018789,1011.62,11.47,-73.44,1890.0,210.0,-140.0
28027788,1011.87,12.57,-65.51,2100.0,560.0,-140.0
28034789,1006.87,8.66,-54.05,2310.0,210.0,-140.0
28043788,1008.45,5.25,-59.66,2170.0,0.0,-140.0
28050790,1013.82,5.0,-63.32,1680.0,280.0,-70.0
28059789,1015.65,4.15,-61.85,1400.0,350.0,-70.0
28068788,1013.33,4.03,-59.29,1890.0,420.0,-140.0
28075789,1009.92,4.88,-56.61,2380.0,70.0,-140.0
28084788,1008.94,8.78,-65.27,2310.0,0.0,-140.0
28091789,1010.77,8.42,-65.03,1820.0,490.0,-140.0
28100789,1012.6,6.34,-56.73,1960.0,490.0,-140.0
28109788,1012.36,4.39,-52.7,2520.0,280.0,-210.0
28116790,1012.6,4.03,-53.44,2730.0,70.0,-210.0
28125788,1013.09,6.1,-59.66,2380.0,70.0,-210.0
28134788,1011.62,6.95,-57.71,1960.0,490.0,-140.0
28141789,1009.92,6.71,-51.48,2310.0,280.0,-140.0
28150789,1011.14,7.44,-57.71,2730.0,0.0,-210.0
28157789,1010.4,7.2,-58.93,2730.0,280.0,-210.0
28166789,1012.23,5.61,-60.02,2450.0,140.0,-210.0
28175789,1013.33,3.66,-60.76,2310.0,420.0,-210.0
28182789,1011.14,3.66,-54.9,2660.0,210.0,-210.0
28191788,1012.72,5.98,-62.34,2870.0,70.0,-210.0
28198790,1010.65,6.34,-57.58,2870.0,420.0,-210.0
28207788,1009.18,7.93,-57.22,2800.0,0.0,-210.0
28216789,1013.09,7.32,-61.24,2730.0,280.0,-210.0
28223790,1008.57,5.73,-54.05,2870.0,350.0,-210.0
28232788,1013.21,5.86,-63.44,3010.0,-70.0,-210.0
28241789,1013.58,4.27,-63.68,2870.0,560.0,-210.0
28248789,1010.04,4.51,-55.88,2940.0,210.0,-210.0
28257788,1013.7,5.61,-63.81,3080.0,70.0,-210.0
28264789,1009.31,7.08,-57.95,3080.0,420.0,-210.0
28273788,1011.01,8.05,-57.71,3220.0,70.0,-210.0
28282789,1010.04,7.08,-56.49,3290.0,420.0,-210.0
28289789,1009.79,8.91,-58.32,3150.0,-70.0,-210.0
28298788,1012.72,5.49,-67.95,2870.0,280.0,-210.0
28307789,1009.55,2.68,-63.81,2870.0,280.0,-210.0
28314789,1013.58,2.2,-71.25,3080.0,0.0,-210.0
28323788,1012.23,5.25,-69.42,3220.0,420.0,-280.0
28330789,1008.7,6.71,-70.76,3360.0,0.0,-280.0
28339789,1011.62,7.56,-79.91,3080.0,140.0,-280.0
28348789,1008.09,5.73,-69.78,3010.0,630.0,-210.0
28355789,1010.4,4.39,-65.88,3570.0,140.0,-210.0
28364789,1012.6,7.32,-63.32,3850.0,280.0,-280.0
28371790,1011.38,7.56,-61.73,3360.0,70.0,-210.0
28380788,1012.36,7.81,-69.66,2660.0,210.0,-210.0
28389788,1008.94,3.42,-63.68,2520.0,490.0,-210.0
28396790,1010.28,4.03,-66.61,2940.0,70.0,-210.0
28405789,1010.28,6.95,-72.71,3360.0,140.0,-210.0
28414789,1010.53,6.47,-71.98,3220.0,210.0,-210.0
28421789,1011.26,5.98,-72.22,3080.0,280.0,-210.0
28430789,1010.53,3.78,-66.37,2940.0,420.0,-210.0
28437789,1011.62,4.27,-64.9,3080.0,140.0,-210.0
28446788,1011.14,6.47,-71.49,3080.0,210.0,-210.0
28455789,1010.16,6.47,-65.64,3080.0,420.0,-210.0
28462789,1010.53,5.61,-64.9,3080.0,140.0,-210.0
28471789,1010.16,5.86,-66.49,3080.0,280.0,-210.0
28478789,1010.77,5.73,-71.37,2870.0,140.0,-210.0
28487788,1011.14,6.83,-76.01,2870.0,210.0,-280.0
28496789,1009.79,5.0,-73.44,2870.0,350.0,-210.0
28503789,1010.28,5.0,-71.86,3080.0,140.0,-210.0
28512788,1010.53,5.61,-70.88,3150.0,280.0,-210.0
28521788,1010.04,6.47,-70.39,3010.0,140.0,-210.0
28528790,1011.87,6.83,-69.54,2870.0,350.0,-280.0
28537788,1009.79,5.73,-65.51,2870.0,350.0,-210.0
28544789,1010.28,5.86,-67.1,3010.0,140.0,-210.0
28553789,1011.5,6.1,-67.59,2940.0,210.0,-210.0
28562789,1010.53,6.1,-69.54,2730.0,70.0,-210.0
28569789,1011.75,5.12,-72.35,2520.0,280.0,-210.0
28578789,1009.92,5.25,-68.93,2730.0,280.0,-210.0
28585790,1011.01,5.61,-70.27,2940.0,140.0,-210.0
28594789,1010.77,7.08,-66.98,3010.0,350.0,-210.0
28603788,1010.28,6.1,-64.66,2940.0,280.0,-210.0
28610789,1011.99,5.37,-62.34,2940.0,350.0,-210.0
28619789,1010.53,5.12,-59.54,2800.0,280.0,-210.0
28628788,1012.23,6.34,-63.93,2800.0,140.0,-210.0
28635789,1011.38,5.73,-66.73,2730.0,280.0,-210.0
28644789,1010.77,6.34,-64.9,2730.0,210.0,-210.0
28651789,1011.87,5.61,-67.47,2800.0,280.0,-210.0
28660789,1010.77,5.61,-67.34,2870.0,280.0,-210.0
28669788,1010.89,6.1,-67.59,2940.0,280.0,-210.0
28676789,1010.53,6.1,-64.29,3010.0,280.0,-210.0
28685788,1010.77,5.25,-62.46,3010.0,280.0,-210.0
28694788,1010.89,5.86,-61.85,3010.0,210.0,-280.0
28701789,1012.11,6.22,-62.83,2940.0,140.0,-210.0
28710789,1010.89,5.86,-64.05,2870.0,280.0,-210.0
28717789,1010.77,6.1,-61.85,3010.0,210.0,-210.0
28726789,1010.4,5.61,-64.66,3010.0,140.0,-210.0
28735788,1011.38,6.95,-64.66,3080.0,280.0,-210.0
28742789,1011.5,6.34,-63.32,3010.0,210.0,-210.0
28751789,1011.14,5.37,-61.73,3080.0,350.0,-210.0
28758790,1010.77,5.25,-60.02,3150.0,140.0,-280.0
28767789,1011.26,6.1,-60.51,3150.0,210.0,-280.0
28776788,1010.89,5.98,-60.76,3220.0,280.0,-280.0
28783789,1011.99,5.98,-60.51,3150.0,210.0,-280.0
28792789,1011.38,5.73,-60.39,3220.0,210.0,-210.0
28801789,1011.01,6.22,-63.07,3150.0,140.0,-210.0
28808789,1011.26,5.98,-65.03,3150.0,210.0,-210.0
28817789,1010.4,7.08,-67.1,3080.0,140.0,-210.0
28824790,1011.14,5.12,-65.64,3220.0,420.0,-210.0
28833788,1009.55,5.37,-60.27,3570.0,140.0,-280.0
28842788,1011.99,6.59,-64.9,3570.0,140.0,-210.0
28849789,1010.77,6.34,-61.85,3360.0,420.0,-210.0
28858788,1011.14,5.61,-62.46,3220.0,140.0,-210.0
28865789,1010.28,5.49,-61.37,3430.0,350.0,-280.0
28874789,1009.06,6.22,-58.07,3570.0,140.0,-210.0
28883789,1012.84,6.22,-65.64,3430.0,70.0,-210.0
28890790,1010.89,5.37,-64.78,3220.0,420.0,-280.0
28899788,1011.87,4.64,-63.56,3360.0,140.0,-280.0
28908789,1011.75,5.37,-65.51,3570.0,280.0,-210.0
28915790,1010.65,6.1,-63.2,3710.0,280.0,-280.0
28924788,1011.62,6.47,-65.15,3500.0,140.0,-280.0
28931789,1010.16,5.86,-60.02,3500.0,350.0,-280.0
28940788,1010.16,5.86,-59.66,3570.0,140.0,-280.0
28949789,1011.38,6.47,-62.71,3570.0,280.0,-280.0
28956789,1011.38,6.22,-60.27,3640.0,210.0,-280.0
28965788,1012.11,5.12,-63.93,3570.0,210.0,-210.0
28972790,1010.53,5.25,-61.49,3570.0,280.0,-280.0
28981788,1010.77,4.76,-63.68,3710.0,70.0,-280.0
28990789,1010.89,6.95,-64.66,3710.0,280.0,-280.0
28997789,1010.77,6.71,-61.73,3780.0,280.0,-280.0
29006789,1011.99,6.95,-63.56,3850.0,280.0,-280.0
29015789,1011.5,5.49,-59.29,3850.0,280.0,-280.0
29022789,1011.5,6.34,-60.63,3850.0,140.0,-280.0
29031789,1012.11,4.76,-60.02,3780.0,210.0,-280.0
29038790,1010.28,5.73,-61.0,3850.0,210.0,-280.0
29047788,1011.26,5.61,-63.32,3780.0,210.0,-280.0
29056789,1011.38,6.34,-63.07,3850.0,210.0,-280.0
29063789,1011.01,5.73,-65.64,3920.0,140.0,-280.0
29072789,1010.53,5.98,-63.81,4060.0,280.0,-280.0
29081789,1011.38,5.25,-63.2,3990.0,210.0,-280.0
29088789,1012.11,4.39,-61.24,4130.0,280.0,-280.0
29097789,1011.87,5.25,-59.66,4060.0,210.0,-350.0
29104790,1011.75,5.61,-61.37,3990.0,210.0,-350.0
29113788,1010.04,6.1,-59.9,3990.0,280.0,-280.0
29122789,1010.16,6.22,-60.76,4130.0,140.0,-280.0
29129789,1011.38,6.34,-63.32,4060.0,280.0,-350.0
29138789,1011.26,5.73,-64.05,3990.0,210.0,-280.0
29145790,1011.99,5.12,-65.88,4060.0,210.0,-280.0
29154788,1010.65,4.76,-64.78,4200.0,210.0,-280.0
29163789,1011.38,5.86,-64.54,4270.0,210.0,-350.0
29170789,1011.14,6.71,-62.71,4340.0,210.0,-280.0
29179788,1010.89,5.98,-62.34,4340.0,210.0,-280.0
29188788,1011.14,5.37,-61.61,4270.0,210.0,-350.0
29195789,1011.5,5.25,-61.37,4270.0,210.0,-280.0
29204789,1011.62,5.61,-62.34,4200.0,210.0,-350.0
29211790,1012.11,5.86,-63.2,4200.0,140.0,-350.0
29220788,1011.01,5.61,-64.42,4270.0,280.0,-280.0
29229788,1011.14,5.73,-64.05,4340.0,210.0,-350.0
29236790,1012.11,5.98,-65.27,4340.0,140.0,-350.0
29245788,1010.53,5.49,-63.81,4410.0,280.0,-280.0
29252789,1011.5,5.73,-62.95,4410.0,210.0,-350.0
29261789,1011.62,5.61,-60.27,4550.0,280.0,-280.0
29270788,1011.38,5.61,-60.27,4550.0,210.0,-350.0
29277789,1011.5,5.49,-60.63,4550.0,210.0,-350.0
29286788,1011.99,6.47,-60.39,4550.0,210.0,-350.0
29295789,1011.14,5.0,-61.24,4480.0,210.0,-350.0
29302789,1011.38,5.37,-61.0,4550.0,210.0,-350.0
29311789,1011.38,5.73,-61.73,4620.0,210.0,-350.0
29318789,1011.26,5.86,-63.07,4690.0,140.0,-350.0
29327789,1010.65,4.76,-60.76,4760.0,210.0,-350.0
29336788,1010.4,4.88,-61.98,4760.0,210.0,-350.0
29343790,1011.38,5.49,-61.61,4760.0,280.0,-350.0
29352789,1011.62,5.49,-60.15,4760.0,210.0,-420.0
29361789,1011.62,5.49,-61.24,4690.0,210.0,-350.0
29368789,1010.65,5.86,-61.24,4830.0,210.0,-350.0
29377788,1010.53,5.25,-61.85,4760.0,140.0,-350.0
29384789,1011.01,5.61,-61.98,4830.0,210.0,-350.0
29393788,1010.89,5.86,-61.85,4830.0,210.0,-420.0
29402789,1011.62,5.37,-63.07,4900.0,210.0,-350.0
29409790,1011.5,4.39,-61.85,4970.0,210.0,-420.0
29418789,1011.01,5.49,-61.49,5040.0,140.0,-420.0
29425790,1010.65,5.25,-62.1,4970.0,210.0,-350.0
29434789,1011.62,5.86,-61.85,4970.0,280.0,-350.0
29443789,1011.99,4.51,-62.71,4970.0,210.0,-350.0
29450789,1011.75,4.51,-63.81,4970.0,210.0,-420.0
29459788,1010.16,4.64,-61.61,5110.0,280.0,-420.0
29468788,1011.26,5.49,-63.44,5250.0,140.0,-350.0
29475790,1010.53,6.1,-61.98,5180.0,280.0,-420.0
29484788,1010.89,6.59,-61.61,5180.0,70.0,-350.0
29491789,1011.5,5.37,-63.93,5040.0,350.0,-420.0
29500788,1010.65,4.15,-60.63,5110.0,280.0,-420.0
29509789,1011.62,4.03,-62.83,5250.0,210.0,-420.0
29516789,1011.14,5.25,-63.32,5250.0,210.0,-420.0
29525788,1011.14,6.1,-61.37,5180.0,210.0,-350.0
29532789,1011.14,5.86,-62.71,5180.0,210.0,-420.0
29541788,1011.26,5.12,-63.68,5250.0,210.0,-350.0
29550788,1011.38,4.88,-63.68,5320.0,210.0,-350.0
29557790,1011.26,4.76,-63.68,5320.0,210.0,-420.0
29566789,1010.65,4.39,-62.1,5320.0,210.0,-420.0
29575788,1011.14,5.73,-62.71,5320.0,210.0,-420.0
29582789,1011.01,5.73,-63.07,5460.0,280.0,-420.0
29591788,1011.14,5.73,-63.2,5390.0,210.0,-420.0
29598789,1010.89,4.88,-63.44,5390.0,210.0,-420.0
29607789,1011.87,5.0,-63.93,5390.0,210.0,-350.0
29616789,1011.87,4.27,-64.42,5390.0,210.0,-350.0
29623790,1011.62,5.12,-63.93,5390.0,210.0,-420.0
29632788,1010.53,5.86,-64.42,5460.0,280.0,-420.0
29639790,1010.65,5.73,-63.07,5530.0,210.0,-420.0
29648789,1011.14,5.49,-63.44,5530.0,210.0,-420.0
29657788,1010.16,5.73,-61.85,5600.0,280.0,-420.0
29664790,1011.62,5.0,-62.22,5600.0,210.0,-420.0
29673788,1011.14,4.51,-62.1,5530.0,210.0,-420.0
29682789,1011.38,5.25,-63.07,5530.0,140.0,-420.0
29689789,1011.26,5.73,-63.32,5600.0,210.0,-420.0
29698789,1010.53,5.37,-62.95,5670.0,210.0,-420.0
29705789,1011.26,5.73,-63.56,5670.0,210.0,-420.0
29714788,1011.01,4.76,-62.46,5670.0,280.0,-420.0
29723788,1011.26,4.15,-62.34,5740.0,210.0,-420.0
29730789,1011.14,4.27,-62.71,5740.0,210.0,-420.0
29739788,1011.26,5.25,-63.32,5740.0,210.0,-420.0
29746789,1011.38,5.73,-62.95,5740.0,140.0,-420.0
29755789,1010.4,5.86,-63.44,5810.0,210.0,-420.0
29764789,1010.65,4.64,-62.71,5740.0,140.0,-420.0
29771789,1010.16,4.27,-63.81,5810.0,210.0,-420.0
29780789,1010.89,4.27,-64.29,5880.0,210.0,-420.0
29789788,1012.11,5.25,-62.95,5880.0,210.0,-420.0
29796789,1011.38,5.49,-62.83,5880.0,210.0,-420.0
29805788,1011.14,5.0,-63.32,5880.0,210.0,-420.0
29812789,1010.89,5.25,-62.71,5880.0,280.0,-420.0
29821788,1011.26,4.64,-63.32,5880.0,280.0,-420.0
29830788,1011.01,4.64,-63.93,5950.0,210.0,-420.0
29837790,1011.26,5.25,-64.05,5950.0,210.0,-420.0
29846788,1011.5,5.12,-64.54,6020.0,140.0,-420.0
29855788,1010.89,4.64,-64.66,5950.0,210.0,-420.0
29862789,1010.65,4.88,-64.54,5950.0,280.0,-420.0
29871789,1010.65,5.37,-64.78,6020.0,210.0,-490.0
29878789,1011.38,4.64,-64.54,6090.0,210.0,-420.0
29887788,1011.14,5.0,-63.81,6090.0,210.0,-490.0
29896789,1011.5,4.88,-64.29,6090.0,280.0,-420.0
29903790,1010.77,5.49,-64.05,6090.0,140.0,-490.0
29912789,1011.38,4.64,-63.68,6090.0,210.0,-420.0
29919789,1011.5,5.49,-64.66,6020.0,140.0,-420.0
29928789,1011.38,4.64,-64.29,6090.0,210.0,-490.0
29937788,1011.14,5.0,-65.03,6160.0,210.0,-490.0
29944789,1010.53,5.12,-65.03,6160.0,210.0,-490.0
29953789,1011.38,5.61,-64.54,6090.0,210.0,-490.0
29962789,1010.77,5.0,-64.29,6160.0,210.0,-490.0
29969790,1010.89,4.76,-63.68,6160.0,210.0,-490.0
29978788,1010.65,3.66,-63.81,6160.0,210.0,-490.0
29985790,1010.77,4.64,-65.51,6090.0,210.0,-490.0
29994789,1011.5,4.39,-64.9,6090.0,280.0,-490.0
30003788,1011.01,6.47,-64.17,6160.0,140.0,-420.0
30010789,1010.16,5.73,-65.27,6160.0,210.0,-420.0
30019788,1011.14,5.0,-66.0,6230.0,210.0,-420.0
30026789,1011.75,4.03,-66.0,6230.0,210.0,-490.0
30035788,1010.89,3.78,-65.27,6230.0,280.0,-490.0
30044789,1011.01,4.39,-65.76,6300.0,210.0,-490.0
30051790,1011.26,5.0,-64.05,6300.0,210.0,-490.0
30060788,1010.16,5.49,-64.9,6300.0,280.0,-490.0
30069788,1011.14,5.61,-63.81,6230.0,210.0,-490.0
30076790,1010.89,5.25,-64.9,6230.0,210.0,-490.0
30085789,1011.38,5.12,-64.54,6300.0,210.0,-490.0
30092789,1011.14,4.88,-63.68,6230.0,280.0,-490.0
30101789,1011.62,5.0,-64.78,6300.0,210.0,-420.0
30110789,1010.65,5.0,-64.78,6300.0,210.0,-490.0
30117789,1010.04,5.25,-64.54,6300.0,210.0,-490.0
30126789,1011.26,4.64,-65.51,6300.0,210.0,-490.0
30133789,1011.01,5.12,-64.17,6300.0,210.0,-490.0
30142789,1011.01,4.88,-64.42,6300.0,210.0,-490.0
30151789,1010.89,4.27,-64.9,6300.0,140.0,-490.0
30158790,1010.89,5.25,-63.93,6370.0,210.0,-490.0
30167789,1011.01,4.76,-65.03,6370.0,210.0,-490.0
30176789,1011.99,5.37,-65.88,6370.0,210.0,-490.0
30183789,1011.14,5.0,-64.29,6370.0,280.0,-490.0
30192788,1011.87,5.0,-65.88,6440.0,140.0,-490.0
30199790,1009.79,4.51,-65.88,6370.0,280.0,-490.0
30208789,1010.04,5.61,-64.17,6440.0,210.0,-490.0
30217789,1011.14,5.37,-65.76,6440.0,210.0,-490.0
30224790,1010.65,4.88,-64.05,6440.0,280.0,-490.0
30233789,1011.14,4.76,-64.78,6440.0,140.0,-490.0
30242788,1012.23,4.51,-64.54,6440.0,210.0,-490.0
30249789,1011.14,4.27,-64.17,6370.0,140.0,-490.0
30258789,1011.26,4.64,-66.12,6440.0,140.0,-490.0
30265789,1011.01,4.51,-65.39,6510.0,210.0,-490.0
30274788,1010.89,5.86,-65.64,6510.0,140.0,-490.0
30283789,1010.65,4.51,-64.9,6440.0,210.0,-490.0
30290789,1010.04,4.15,-64.78,6370.0,210.0,-490.0
30299789,1011.5,4.51,-66.86,6440.0,210.0,-490.0
30306789,1011.01,3.78,-66.0,6510.0,280.0,-490.0
30315789,1011.5,5.12,-65.51,6510.0,140.0,-490.0
30324789,1011.26,5.61,-66.61,6440.0,280.0,-490.0
30331789,1010.28,5.12,-65.15,6440.0,210.0,-490.0
30340789,1012.11,4.51,-66.61,6440.0,210.0,-490.0
30349789,1010.89,4.03,-66.0,6440.0,210.0,-490.0
30356790,1011.14,4.27,-66.61,6510.0,140.0,-490.0
30365788,1011.5,4.51,-65.27,6510.0,280.0,-490.0
30372789,1010.28,5.61,-64.05,6510.0,210.0,-490.0
30381788,1010.4,5.37,-65.64,6580.0,140.0,-490.0
30390789,1010.16,5.61,-64.9,6510.0,210.0,-560.0
30397789,1010.65,4.39,-64.29,6510.0,210.0,-490.0
30406788,1011.62,3.17,-66.0,6510.0,210.0,-490.0
30413790,1011.62,4.15,-65.15,6510.0,280.0,-490.0
30422788,1011.62,4.64,-66.73,6510.0,210.0,-490.0
30431789,1010.77,5.37,-65.88,6510.0,210.0,-490.0
30438790,1010.04,5.73,-64.17,6580.0,210.0,-490.0
30447789,1010.77,4.88,-65.51,6580.0,210.0,-490.0
30456789,1010.4,4.51,-64.66,6510.0,280.0,-490.0
30463790,1011.26,5.0,-65.15,6580.0,210.0,-490.0
30472788,1012.23,4.15,-64.42,6580.0,210.0,-490.0
30479789,1011.5,4.88,-65.15,6580.0,140.0,-490.0
30488789,1010.65,4.88,-65.76,6510.0,210.0,-490.0
30497789,1009.92,4.76,-66.0,6510.0,210.0,-490.0
30504789,1010.89,4.88,-66.0,6650.0,210.0,-490.0
30513787,1010.77,4.64,-66.12,6650.0,140.0,-490.0
30522789,1010.53,4.88,-66.0,6580.0,140.0,-490.0
30529790,1011.38,4.51,-64.42,6580.0,210.0,-490.0
30538788,1011.62,4.03,-64.54,6580.0,210.0,-490.0
30545789,1011.62,3.78,-64.17,6580.0,280.0,-560.0
30554789,1011.01,4.76,-62.95,6650.0,210.0,-490.0
30563788,1010.04,5.0,-64.05,6650.0,210.0,-560.0
30570789,1010.53,4.88,-65.15,6580.0,210.0,-490.0
30579788,1011.5,5.49,-64.42,6720.0,210.0,-490.0
30586790,1011.87,4.76,-64.42,6580.0,280.0,-490.0
30595789,1011.38,3.42,-63.93,6650.0,210.0,-490.0
30604788,1010.77,4.39,-63.68,6720.0,210.0,-490.0
30611789,1010.77,4.76,-63.56,6720.0,210.0,-490.0
30620789,1010.89,5.12,-62.71,6720.0,210.0,-490.0
30629789,1011.01,6.22,-62.71,6790.0,210.0,-560.0
30636790,1011.01,5.0,-62.46,6790.0,140.0,-490.0
30645789,1011.5,3.54,-63.2,6790.0,210.0,-490.0
30652789,1011.99,3.42,-64.42,6720.0,210.0,-490.0
30661789,1011.38,4.27,-64.17,6720.0,210.0,-490.0
30670788,1010.28,4.39,-64.05,6790.0,210.0,-560.0
30677789,1011.01,5.86,-63.81,6860.0,210.0,-490.0
30686788,1011.14,5.61,-63.07,6860.0,280.0,-490.0
30693789,1011.01,4.76,-62.71,6790.0,210.0,-560.0
30702788,1011.75,3.42,-63.44,6860.0,210.0,-490.0
30711789,1011.87,3.66,-63.68,6860.0,140.0,-560.0
30718790,1011.5,4.39,-63.56,6860.0,210.0,-490.0
30727788,1010.65,5.61,-63.32,6930.0,210.0,-560.0
30736789,1010.65,5.86,-62.46,6930.0,210.0,-490.0
30743789,1010.89,5.73,-63.07,6860.0,140.0,-560.0
30752789,1011.01,4.64,-63.32,6930.0,280.0,-560.0
30759789,1011.62,3.66,-63.44,6930.0,210.0,-490.0
30768788,1011.62,3.05,-63.81,7000.0,210.0,-560.0
30777789,1011.38,3.9,-62.59,7070.0,210.0,-560.0
30784790,1010.53,4.39,-62.71,7070.0,210.0,-490.0
30793788,1011.26,5.25,-63.32,7070.0,140.0,-560.0
30800790,1010.77,4.64,-61.73,7070.0,210.0,-490.0
30809788,1011.14,4.39,-62.95,7000.0,210.0,-560.0
30818789,1011.75,3.42,-62.83,7070.0,210.0,-560.0
30825789,1010.53,3.66,-63.81,7070.0,210.0,-560.0
30834788,1010.53,4.76,-63.56,7140.0,210.0,-560.0
30843788,1010.28,5.0,-63.68,7210.0,210.0,-490.0
30850790,1011.14,4.03,-63.32,7210.0,210.0,-490.0
30859788,1010.89,4.39,-63.2,7210.0,210.0,-490.0
30866789,1011.26,3.9,-63.81,7210.0,140.0,-490.0
30875789,1010.65,3.05,-62.83,7140.0,210.0,-560.0
30884789,1011.01,4.27,-64.05,7210.0,140.0,-560.0
30891789,1010.89,5.12,-63.81,7140.0,210.0,-560.0
30900789,1010.04,4.39,-64.29,7210.0,210.0,-560.0
30909789,1011.01,4.64,-65.64,7210.0,70.0,-560.0
30916790,1011.38,4.15,-64.9,7210.0,210.0,-560.0
30925789,1011.26,3.29,-65.15,7280.0,210.0,-560.0
30932790,1010.65,3.54,-65.27,7280.0,210.0,-560.0
30941788,1010.4,4.64,-64.54,7280.0,210.0,-560.0
30950789,1010.28,5.49,-65.51,7280.0,140.0,-560.0
30957789,1010.16,4.51,-65.51,7210.0,210.0,-560.0
30966788,1010.4,4.15,-65.51,7210.0,210.0,-560.0
30973790,1011.01,3.66,-66.73,7210.0,210.0,-560.0
30982788,1011.26,3.9,-66.73,7280.0,140.0,-560.0
30991788,1011.62,4.39,-66.98,7280.0,210.0,-560.0
30998790,1010.28,5.12,-65.76,7280.0,210.0,-560.0
31007788,1010.28,4.88,-65.76,7280.0,140.0,-490.0
31016789,1010.65,4.39,-64.54,7280.0,280.0,-560.0
31023789,1011.62,3.66,-64.66,7280.0,210.0,-560.0
31032789,1011.5,3.54,-63.81,7280.0,140.0,-490.0
31039789,1011.01,3.66,-62.59,7350.0,280.0,-560.0
31048788,1011.26,4.03,-63.68,7350.0,140.0,-560.0
31057789,1010.16,5.12,-63.68,7350.0,210.0,-560.0
31064789,1010.77,5.0,-62.95,7350.0,210.0,-560.0
31073789,1010.89,3.9,-62.95,7350.0,210.0,-560.0
31080789,1010.89,3.66,-63.56,7420.0,140.0,-560.0
31089788,1011.99,3.9,-63.56,7420.0,210.0,-490.0
31098788,1011.38,3.54,-62.83,7420.0,280.0,-560.0
31105790,1011.26,4.39,-61.98,7420.0,140.0,-560.0
31114789,1011.62,5.0,-62.1,7490.0,210.0,-560.0
31123789,1010.77,5.0,-60.63,7420.0,140.0,-560.0
31130790,1011.5,4.27,-62.22,7490.0,210.0,-560.0
31139788,1010.53,3.9,-62.59,7490.0,210.0,-560.0
31146790,1011.01,3.29,-63.44,7490.0,140.0,-560.0
31155788,1011.62,4.03,-64.05,7560.0,140.0,-560.0
31164788,1010.77,4.51,-64.17,7560.0,210.0,-560.0
31171789,1010.77,4.39,-65.03,7490.0,140.0,-560.0
31180789,1010.89,4.03,-65.27,7560.0,280.0,-560.0
31187790,1011.87,4.15,-64.66,7630.0,210.0,-560.0
31196788,1011.01,4.64,-65.88,7560.0,140.0,-560.0
31205788,1010.77,4.76,-64.66,7630.0,210.0,-560.0
31212789,1011.26,4.27,-65.88,7630.0,140.0,-560.0
31221789,1010.16,4.27,-66.12,7560.0,210.0,-560.0
31230789,1010.77,4.27,-66.0,7560.0,210.0,-560.0
31237789,1010.89,3.78,-67.71,7560.0,140.0,-560.0
31246788,1010.77,3.78,-66.0,7490.0,140.0,-630.0
31253790,1011.38,4.03,-66.86,7630.0,140.0,-560.0
31262788,1010.77,4.03,-66.73,7630.0,210.0,-630.0
31271789,1010.89,4.03,-66.98,7630.0,140.0,-560.0
31278789,1010.53,4.76,-67.22,7560.0,210.0,-560.0
31287788,1011.26,3.78,-67.1,7560.0,140.0,-560.0
31296789,1011.62,3.42,-67.1,7560.0,210.0,-560.0
31303789,1010.16,3.17,-66.98,7560.0,140.0,-560.0
31312788,1011.5,3.9,-67.47,7560.0,140.0,-560.0
31319789,1011.01,4.64,-67.22,7490.0,140.0,-560.0
31328789,1010.04,4.51,-66.49,7560.0,140.0,-560.0
31337789,1010.77,5.61,-67.47,7490.0,140.0,-560.0
31344789,1011.14,3.66,-66.61,7490.0,210.0,-560.0
31353788,1010.77,3.54,-66.73,7420.0,210.0,-560.0
31360789,1011.62,4.03,-67.34,7420.0,210.0,-560.0
31369788,1010.77,4.15,-67.47,7490.0,210.0,-560.0
31378789,1010.53,4.51,-67.83,7490.0,140.0,-560.0
31385790,1010.4,4.88,-67.71,7490.0,210.0,-560.0
31394789,1010.77,4.03,-67.47,7420.0,140.0,-560.0
31403789,1010.4,4.27,-69.54,7350.0,210.0,-560.0
31410789,1011.01,4.76,-68.81,7420.0,140.0,-560.0
31419789,1010.77,4.64,-68.93,7420.0,140.0,-560.0
31426790,1011.26,5.25,-68.69,7420.0,210.0,-560.0
31435789,1010.16,3.42,-67.83,7350.0,210.0,-560.0
31444788,1010.65,4.15,-68.08,7350.0,210.0,-560.0
31451790,1009.67,3.9,-68.56,7280.0,210.0,-560.0
31460789,1010.77,4.51,-68.2,7280.0,210.0,-560.0
31467789,1010.53,4.15,-68.32,7350.0,140.0,-560.0
31476789,1011.01,4.88,-68.81,7280.0,210.0,-490.0
31485789,1011.01,3.78,-68.2,7280.0,140.0,-560.0
31492789,1010.53,3.29,-68.93,7210.0,210.0,-560.0
31501789,1010.89,3.54,-68.32,7280.0,210.0,-560.0
31510788,1010.77,3.42,-68.32,7210.0,140.0,-560.0
31517790,1011.38,4.51,-68.81,7210.0,140.0,-490.0
31526788,1010.65,4.15,-68.08,7210.0,210.0,-560.0
31533789,1011.14,4.03,-69.17,7210.0,140.0,-560.0
31542789,1010.89,3.42,-67.95,7210.0,210.0,-560.0
31551788,1010.77,4.39,-68.56,7140.0,210.0,-490.0
31558790,1009.67,4.03,-68.44,7210.0,210.0,-490.0
31567789,1010.89,5.0,-68.56,7140.0,140.0,-560.0
31576788,1010.89,3.9,-68.32,7210.0,210.0,-560.0
31583790,1011.14,5.0,-67.71,7070.0,210.0,-560.0
31592788,1010.53,3.66,-69.42,7000.0,210.0,-560.0
31599790,1010.89,5.0,-70.64,7000.0,210.0,-490.0
31608789,1010.65,3.9,-70.27,7000.0,210.0,-560.0
31617788,1011.14,5.0,-69.54,6930.0,280.0,-560.0
31624790,1009.06,4.15,-67.47,7000.0,210.0,-490.0
31633789,1010.4,5.25,-68.81,7070.0,140.0,-490.0
31640789,1010.77,4.27,-70.76,6860.0,280.0,-490.0
31649788,1010.89,4.15,-68.32,6790.0,210.0,-560.0
31658789,1011.14,3.66,-67.59,6860.0,280.0,-490.0
31665789,1009.92,4.76,-66.73,7000.0,210.0,-490.0
31674788,1011.14,5.37,-69.54,6930.0,140.0,-560.0
31683788,1011.01,4.39,-69.66,6790.0,210.0,-560.0
31690789,1010.77,3.78,-68.93,6720.0,280.0,-490.0
31699789,1011.01,3.9,-68.2,6790.0,210.0,-490.0
31706790,1010.16,4.39,-69.54,6860.0,210.0,-490.0
31715788,1010.65,5.12,-69.91,6860.0,210.0,-490.0
31724788,1010.4,5.12,-69.17,6790.0,280.0,-490.0
31731790,1011.01,5.0,-66.49,6720.0,210.0,-490.0
31740789,1010.89,3.78,-68.69,6860.0,210.0,-490.0
31747789,1011.01,5.25,-68.93,6790.0,210.0,-490.0
31756788,1010.77,4.76,-69.3,6790.0,210.0,-490.0
31765788,1011.26,5.0,-70.64,6580.0,280.0,-490.0
31772789,1010.4,3.42,-67.83,6720.0,280.0,-490.0
31781789,1010.53,4.76,-69.05,6860.0,70.0,-490.0
31790788,1011.75,5.49,-70.76,6720.0,140.0,-490.0
31797789,1010.4,4.64,-69.17,6510.0,280.0,-490.0
31806789,1011.5,3.78,-68.93,6510.0,210.0,-490.0
31813789,1010.16,3.78,-68.2,6650.0,210.0,-490.0
31822789,1010.4,5.73,-67.59,6720.0,70.0,-490.0
31831789,1011.5,5.0,-68.93,6580.0,210.0,-560.0
31838789,1010.77,5.12,-67.22,6440.0,280.0,-490.0
31847789,1010.53,4.39,-66.98,6510.0,140.0,-490.0
31854789,1011.14,4.03,-67.95,6510.0,210.0,-420.0
31863789,1010.65,3.9,-68.81,6440.0,210.0,-490.0
31872789,1010.89,4.88,-69.17,6440.0,210.0,-490.0
31879789,1009.79,4.88,-67.71,6440.0,280.0,-490.0
31888788,1010.4,4.64,-66.49,6580.0,140.0,-490.0
31897789,1011.75,4.88,-67.95,6580.0,210.0,-490.0
31904790,1010.53,4.03,-66.61,6440.0,280.0,-490.0
31913788,1011.62,3.05,-67.71,6370.0,210.0,-490.0
31920789,1010.65,3.42,-67.47,6440.0,280.0,-490.0
31929788,1010.53,4.15,-67.22,6510.0,140.0,-490.0
31938788,1010.65,5.0,-67.83,6440.0,210.0,-490.0
31945790,1011.62,4.51,-67.59,6370.0,280.0,-490.0
31954789,1011.14,4.15,-67.1,6440.0,280.0,-490.0
31963788,1011.26,4.27,-66.37,6510.0,210.0,-490.0
31970790,1010.4,4.76,-66.49,6510.0,140.0,-490.0
31979789,1010.77,4.51,-65.64,6370.0,210.0,-490.0
31986790,1011.01,5.25,-64.9,6370.0,210.0,-490.0
31995789,1011.26,4.51,-64.9,6370.0,210.0,-490.0
32004787,1011.38,3.78,-66.25,6370.0,140.0,-490.0
32011789,1010.77,3.9,-66.61,6370.0,210.0,-490.0
32020787,1011.38,4.03,-69.66,6370.0,70.0,-490.0
32027790,1010.89,3.66,-66.25,6300.0,420.0,-490.0
32036789,1010.4,5.49,-65.27,6510.0,70.0,-420.0
32045789,1011.87,5.12,-67.47,6510.0,210.0,-490.0
32052790,1010.65,5.12,-65.64,6370.0,210.0,-490.0
32061788,1011.99,3.78,-66.86,6300.0,210.0,-490.0
32070788,1011.5,4.39,-65.64,6300.0,280.0,-490.0
32077789,1010.28,4.76,-64.29,6370.0,140.0,-490.0
32086789,1010.65,5.86,-66.86,6370.0,140.0,-490.0
32093789,1010.04,5.0,-65.64,6370.0,350.0,-490.0
32102789,1012.11,3.9,-67.59,6300.0,140.0,-490.0
32111787,1011.75,3.42,-67.71,6300.0,280.0,-490.0
32118789,1010.89,4.39,-67.34,6300.0,140.0,-490.0
32127789,1010.65,4.64,-69.91,6370.0,210.0,-490.0
32134790,1010.28,4.88,-67.47,6300.0,280.0,-420.0
32143788,1010.65,5.0,-67.22,6370.0,140.0,-490.0
32152788,1011.26,4.64,-67.71,6370.0,210.0,-490.0
32159789,1011.75,4.27,-66.0,6370.0,210.0,-490.0
32168788,1012.23,4.27,-66.86,6230.0,210.0,-490.0
32177788,1010.77,3.66,-65.51,6160.0,280.0,-490.0
32184790,1010.4,4.03,-66.37,6230.0,140.0,-490.0
32193789,1011.01,5.73,-66.86,6300.0,210.0,-490.0
32200789,1011.14,5.98,-65.64,6300.0,140.0,-420.0
32209788,1011.87,4.03,-65.39,6230.0,280.0,-490.0
32218788,1010.89,4.15,-66.73,6160.0,140.0,-490.0
32225789,1011.99,2.68,-67.71,6230.0,280.0,-490.0
32234789,1009.79,5.12,-64.54,6300.0,140.0,-490.0
32243788,1011.5,4.76,-67.47,6370.0,210.0,-490.0
32250788,1010.16,5.61,-63.81,6300.0,280.0,-490.0
32259788,1011.99,4.15,-65.03,6230.0,140.0,-490.0
32266789,1011.62,3.66,-65.88,6160.0,210.0,-490.0
32275789,1011.01,3.05,-65.39,6230.0,210.0,-490.0
32284789,1011.01,4.51,-66.98,6300.0,70.0,-490.0
32291789,1010.53,5.12,-65.76,6300.0,280.0,-490.0
32300789,1010.04,5.73,-65.27,6230.0,140.0,-420.0
32307789,1011.14,5.25,-67.83,6160.0,280.0,-420.0
32316788,1010.77,4.76,-64.05,6230.0,280.0,-490.0
32325789,1011.38,4.39,-66.73,6230.0,140.0,-490.0
32332790,1011.62,3.9,-65.27,6230.0,280.0,-490.0
32341788,1010.28,4.76,-64.54,6230.0,140.0,-490.0
32350788,1009.79,5.12,-66.98,6230.0,140.0,-490.0
32357790,1010.04,4.88,-65.39,6230.0,210.0,-490.0
32366788,1010.28,5.49,-66.61,6230.0,140.0,-420.0
32373790,1011.87,4.03,-67.34,6230.0,280.0,-490.0
32382787,1011.38,3.9,-67.22,6090.0,140.0,-420.0
32391789,1010.77,3.78,-68.44,6230.0,210.0,-420.0
32398789,1010.4,4.64,-67.1,6160.0,140.0,-420.0
32407789,1011.01,5.0,-68.44,6230.0,140.0,-420.0
32414789,1010.65,5.61,-66.61,6230.0,280.0,-490.0
32423789,1011.14,5.0,-67.1,6090.0,140.0,-420.0
32432789,1011.26,4.39,-67.83,6020.0,210.0,-420.0
32439788,1011.01,4.27,-67.71,6090.0,140.0,-490.0
32448788,1011.14,4.03,-69.54,6090.0,210.0,-490.0
32457788,1010.4,4.76,-67.47,6090.0,210.0,-490.0
32464790,1010.89,4.88,-68.32,6160.0,210.0,-490.0
32473788,1011.5,5.37,-67.59,6090.0,210.0,-490.0
32480790,1010.77,3.54,-67.83,6020.0,210.0,-490.0
32489789,1011.5,4.27,-67.83,6020.0,210.0,-490.0
32498787,1011.26,4.88,-67.34,5950.0,210.0,-490.0
32505789,1010.65,4.15,-67.95,6090.0,210.0,-420.0
32514789,1011.01,4.88,-67.47,6020.0,210.0,-420.0
32521790,1010.65,4.15,-67.22,5950.0,140.0,-420.0
32530788,1010.77,4.15,-68.93,5950.0,210.0,-420.0
32539788,1011.01,3.66,-68.2,6020.0,210.0,-420.0
32546788,1010.89,4.51,-68.81,5950.0,210.0,-490.0
32555788,1010.89,4.88,-68.44,6020.0,280.0,-490.0
32564788,1010.4,5.25,-67.34,6020.0,140.0,-420.0
32571790,1010.65,5.86,-68.56,5950.0,210.0,-420.0
32580788,1011.26,5.37,-68.08,5950.0,210.0,-420.0
32587789,1010.16,4.15,-66.61,5880.0,140.0,-420.0
32596787,1010.89,4.88,-68.08,5950.0,140.0,-420.0
32605787,1011.14,4.15,-66.86,5880.0,210.0,-420.0
32612789,1011.01,5.12,-67.1,5740.0,210.0,-420.0
32621788,1010.65,5.12,-67.34,5880.0,210.0,-420.0
32630789,1010.4,5.12,-67.1,5810.0,140.0,-420.0
32637788,1011.14,4.76,-68.32,5810.0,210.0,-420.0
32646789,1010.65,4.15,-67.1,5740.0,210.0,-420.0
32653790,1011.01,4.39,-66.25,5810.0,210.0,-420.0
32662788,1009.92,4.76,-66.98,5880.0,210.0,-420.0
32671788,1009.79,4.39,-66.61,5810.0,210.0,-420.0
32678789,1011.14,5.37,-64.54,5880.0,140.0,-420.0
32687787,1011.75,4.76,-66.37,5670.0,210.0,-420.0
32694789,1011.26,4.15,-65.64,5600.0,280.0,-420.0
32703789,1011.14,3.54,-67.34,5740.0,140.0,-420.0
32712789,1011.38,4.76,-66.49,5740.0,210.0,-420.0
32719790,1011.62,5.0,-66.25,5740.0,210.0,-420.0
32728789,1010.53,4.76,-66.37,5740.0,210.0,-420.0
32737789,1011.01,5.25,-67.1,5740.0,140.0,-420.0
32744788,1010.53,4.27,-65.76,5740.0,210.0,-420.0
32753788,1011.14,4.15,-66.0,5740.0,210.0,-420.0
32760789,1010.65,4.27,-66.37,5670.0,280.0,-420.0
32769788,1011.01,4.88,-65.76,5740.0,210.0,-420.0
32778788,1011.01,4.76,-66.37,5810.0,140.0,-420.0
32785789,1011.26,4.64,-64.78,5740.0,210.0,-420.0
32794787,1010.65,4.03,-66.37,5670.0,140.0,-420.0
32801789,1011.14,4.51,-66.0,5740.0,210.0,-420.0
32810789,1010.65,4.27,-66.0,5740.0,210.0,-420.0
32819788,1010.89,4.64,-65.76,5740.0,140.0,-420.0
32826790,1010.65,4.39,-65.76,5600.0,210.0,-420.0
32835788,1011.75,4.39,-65.76,5740.0,140.0,-420.0
32844788,1010.53,5.49,-66.98,5670.0,210.0,-420.0
32851788,1010.77,4.03,-67.34,5740.0,280.0,-420.0
32860788,1010.16,5.49,-66.12,5810.0,140.0,-420.0
32867789,1011.26,5.25,-66.25,5740.0,210.0,-420.0
32876787,1010.4,5.0,-66.0,5600.0,210.0,-420.0
32885787,1011.38,4.15,-67.71,5600.0,210.0,-420.0
32892789,1011.14,4.27,-66.12,5530.0,280.0,-420.0
32901789,1010.4,4.39,-66.12,5670.0,210.0,-420.0
32910789,1011.14,5.12,-67.83,5740.0,210.0,-420.0
32917789,1010.77,4.76,-66.0,5670.0,280.0,-420.0
32926789,1011.26,4.51,-66.0,5530.0,210.0,-420.0
32933790,1011.01,4.39,-66.61,5530.0,280.0,-420.0
32942788,1010.65,5.0,-65.76,5600.0,210.0,-420.0
32951788,1011.5,4.39,-66.73,5530.0,210.0,-420.0
32958789,1010.77,4.27,-64.17,5600.0,350.0,-420.0
32967789,1010.89,3.66,-64.29,5600.0,140.0,-420.0
32974789,1010.77,4.88,-65.88,5600.0,210.0,-420.0
32983789,1010.65,3.9,-64.78,5530.0,280.0,-420.0
32992789,1011.01,4.88,-65.39,5530.0,140.0,-420.0
32999789,1011.26,5.12,-65.51,5530.0,210.0,-420.0
33008789,1010.77,4.51,-65.39,5600.0,280.0,-420.0
33017788,1010.77,4.03,-66.12,5600.0,140.0,-490.0
33024790,1010.77,4.27,-63.81,5600.0,210.0,-420.0
33033788,1011.62,5.25,-66.73,5530.0,70.0,-420.0
33040788,1010.89,4.15,-64.78,5600.0,350.0,-420.0
33049788,1011.01,5.12,-63.2,5670.0,70.0,-420.0
33058788,1012.23,4.76,-64.9,5670.0,280.0,-420.0
33065790,1011.5,4.51,-63.44,5600.0,210.0,-420.0
33074789,1011.01,4.27,-63.93,5600.0,210.0,-420.0
33081789,1010.77,4.88,-63.07,5600.0,280.0,-420.0
33090789,1010.77,4.51,-63.32,5740.0,70.0,-420.0
33099787,1011.01,4.88,-66.0,5600.0,210.0,-420.0
33106789,1010.53,4.15,-62.59,5600.0,210.0,-420.0
33115789,1011.62,4.64,-64.9,5670.0,140.0,-420.0
33124789,1011.14,4.15,-63.32,5670.0,280.0,-420.0
33131788,1011.87,4.15,-62.83,5670.0,140.0,-420.0
33140788,1011.99,3.42,-65.76,5740.0,210.0,-420.0
33147790,1010.16,4.76,-63.93,5670.0,210.0,-420.0
33156789,1009.79,5.25,-63.2,5740.0,140.0,-420.0
33165788,1012.23,5.37,-65.03,5740.0,140.0,-420.0
33172789,1011.01,4.15,-64.17,5670.0,210.0,-420.0
33181789,1011.75,3.54,-64.78,5670.0,140.0,-420.0
33188789,1011.01,4.39,-64.66,5740.0,280.0,-420.0
33197789,1010.65,5.0,-64.17,5740.0,140.0,-420.0
33206789,1010.89,5.73,-64.9,5740.0,210.0,-420.0
33213790,1010.53,4.27,-64.17,5670.0,210.0,-420.0
33222789,1011.01,4.15,-63.68,5740.0,210.0,-420.0
33231789,1011.5,4.15,-64.78,5740.0,280.0,-420.0
33238788,1010.89,4.15,-62.71,5810.0,210.0,-420.0
33247788,1011.75,4.88,-63.2,5740.0,140.0,-420.0
33254790,1010.65,5.25,-63.32,5740.0,280.0,-420.0
33263789,1011.14,4.39,-62.46,5740.0,210.0,-420.0
33272789,1011.26,3.66,-63.81,5740.0,210.0,-420.0
33279790,1011.38,3.42,-62.59,5810.0,210.0,-420.0
33288787,1011.14,3.54,-63.44,5810.0,210.0,-420.0
33297787,1010.89,4.51,-63.44,6020.0,140.0,-420.0
33304789,1010.16,4.88,-63.44,6020.0,210.0,-420.0
33313789,1011.26,4.64,-63.2,6020.0,210.0,-420.0
33320790,1011.38,3.78,-63.68,6020.0,210.0,-420.0
33329788,1011.14,4.15,-62.83,6020.0,210.0,-420.0
33338788,1012.36,3.9,-64.29,5950.0,210.0,-420.0
33345789,1010.28,4.39,-64.66,6020.0,210.0,-490.0
33354788,1011.38,4.03,-63.81,6090.0,210.0,-420.0
33361789,1010.28,4.76,-66.61,5950.0,210.0,-490.0
33370787,1010.89,4.15,-64.9,5950.0,280.0,-490.0
33379789,1012.11,4.39,-67.47,5880.0,140.0,-420.0
33386789,1010.28,3.42,-64.9,5950.0,420.0,-420.0
33395789,1010.04,4.15,-65.15,5950.0,70.0,-420.0
33404789,1011.5,4.39,-68.56,5950.0,210.0,-490.0
33411789,1009.67,4.88,-64.05,5810.0,210.0,-490.0
33420788,1011.62,4.03,-68.44,5950.0,70.0,-490.0
33427788,1010.77,4.51,-66.86,5880.0,280.0,-420.0
33436788,1010.4,3.66,-66.0,5880.0,70.0,-420.0
33445788,1011.14,4.76,-68.56,5810.0,140.0,-420.0
33452790,1010.53,4.39,-65.51,5810.0,350.0,-420.0
33461788,1011.14,4.27,-67.22,5880.0,140.0,-420.0
33468789,1011.01,4.76,-68.2,5880.0,210.0,-420.0
33477789,1010.4,4.64,-65.27,5880.0,210.0,-420.0
33486787,1011.99,3.9,-66.86,5810.0,140.0,-420.0
33493789,1010.4,4.15,-64.29,5880.0,280.0,-420.0
33502788,1010.53,4.03,-64.29,5950.0,140.0,-420.0
33511789,1011.5,4.88,-66.49,5880.0,210.0,-420.0
33518789,1010.65,4.39,-65.03,5810.0,210.0,-420.0
33527789,1010.04,5.0,-65.15,5880.0,140.0,-420.0
33534790,1010.16,4.15,-64.9,5880.0,280.0,-490.0
33543788,1010.77,4.27,-64.29,5880.0,210.0,-490.0
33552788,1011.38,4.15,-65.03,5810.0,140.0,-420.0
33559789,1011.14,4.64,-64.17,5810.0,280.0,-420.0
33568789,1011.14,4.27,-64.17,5810.0,140.0,-420.0
33575789,1010.77,4.76,-63.56,5810.0,210.0,-420.0
33584788,1010.77,3.54,-62.46,5880.0,280.0,-420.0
33593788,1011.38,6.22,-65.88,5810.0,70.0,-490.0
33600789,1011.01,3.66,-65.03,5740.0,350.0,-490.0
33609789,1010.53,4.03,-61.98,5880.0,140.0,-420.0
33618789,1010.77,4.39,-63.93,5950.0,140.0,-420.0
33625789,1010.4,4.15,-63.81,5950.0,140.0,-420.0
33634788,1011.26,4.76,-64.66,5810.0,140.0,-490.0
33641789,1010.65,4.27,-64.9,5810.0,210.0,-420.0
33650789,1010.77,2.93,-63.68,5880.0,210.0,-490.0
33659788,1010.65,4.51,-63.93,6020.0,210.0,-420.0
33666790,1011.5,4.39,-65.64,5950.0,210.0,-420.0
33675789,1010.28,4.88,-65.39,5880.0,210.0,-420.0
33684788,1011.01,4.39,-64.78,5810.0,210.0,-420.0
33691789,1010.4,3.78,-64.05,5950.0,210.0,-490.0
33700788,1011.26,4.39,-65.76,6020.0,70.0,-420.0
33707789,1011.62,4.03,-66.98,5950.0,210.0,-490.0
33716789,1011.5,4.15,-65.64,5950.0,210.0,-490.0
33725789,1010.53,4.27,-64.66,6020.0,210.0,-490.0
33732790,1010.28,5.12,-64.54,6020.0,140.0,-490.0
33741788,1010.53,5.12,-64.29,5950.0,210.0,-490.0
33748790,1011.75,5.61,-64.66,5880.0,210.0,-420.0
33757789,1011.01,3.9,-63.2,5810.0,210.0,-490.0
33766788,1011.75,4.15,-63.44,5880.0,140.0,-420.0
33773789,1010.16,4.64,-63.56,5950.0,210.0,-490.0
33782789,1011.99,5.25,-63.56,5950.0,140.0,-490.0
33791788,1011.38,4.76,-64.17,5880.0,280.0,-420.0
33798789,1011.99,4.03,-63.07,5950.0,210.0,-420.0
33807789,1010.77,4.76,-62.71,6020.0,140.0,-420.0
33814789,1011.99,4.51,-65.03,5880.0,210.0,-420.0
33823789,1010.28,4.39,-62.34,5950.0,280.0,-420.0
33832788,1012.11,4.15,-63.56,6090.0,140.0,-420.0
33839790,1011.14,4.03,-61.37,6230.0,280.0,-490.0
33848788,1011.38,4.39,-61.12,6300.0,210.0,-490.0
33855790,1011.62,3.9,-62.71,6160.0,140.0,-420.0
33864789,1010.89,3.66,-60.51,6160.0,280.0,-420.0
33873789,1011.38,5.37,-61.37,6090.0,140.0,-490.0
33880789,1011.26,5.37,-62.59,6230.0,140.0,-420.0
33889789,1010.89,4.15,-61.24,6160.0,280.0,-490.0
33898789,1011.38,4.15,-63.07,6160.0,140.0,-490.0
33905789,1010.89,3.29,-62.83,6090.0,280.0,-490.0
33914788,1011.14,3.66,-61.37,6230.0,140.0,-420.0
33921789,1011.38,5.12,-63.44,6300.0,140.0,-490.0
33930789,1010.4,4.03,-62.95,6230.0,280.0,-490.0
33939788,1011.75,4.27,-62.71,6230.0,140.0,-420.0
33946789,1011.5,4.88,-62.46,6230.0,210.0,-490.0
33955788,1011.38,5.0,-63.44,6230.0,210.0,-490.0
33962789,1011.5,3.9,-63.68,6230.0,210.0,-490.0
33971789,1011.38,3.9,-63.2,6300.0,210.0,-490.0
33980788,1010.77,4.39,-63.56,6230.0,210.0,-420.0
33987788,1011.01,4.39,-65.15,6300.0,210.0,-490.0
33996789,1011.38,4.51,-63.56,6370.0,210.0,-490.0
34005787,1011.5,4.27,-63.81,6300.0,140.0,-490.0
34012789,1011.5,3.66,-62.59,6370.0,210.0,-490.0
34021789,1011.38,3.42,-62.71,6370.0,210.0,-490.0
34028789,1011.14,4.88,-62.1,6440.0,210.0,-490.0
34037789,1010.4,4.88,-61.73,6370.0,210.0,-490.0
34046787,1010.89,4.76,-61.98,6440.0,210.0,-490.0
34053789,1011.5,4.15,-61.0,6370.0,210.0,-490.0
34062788,1011.14,3.29,-61.49,6370.0,210.0,-490.0
34071789,1011.5,3.05,-62.34,6440.0,140.0,-490.0
34078789,1011.01,3.9,-62.46,6510.0,210.0,-490.0
34087788,1010.65,5.25,-61.85,6720.0,210.0,-490.0
34094789,1010.4,5.61,-61.73,6650.0,210.0,-490.0
34103787,1010.89,4.64,-61.85,6580.0,210.0,-490.0
34112788,1011.38,3.9,-62.71,6510.0,140.0,-490.0
34119789,1011.26,3.78,-63.68,6370.0,210.0,-490.0
34128788,1011.5,4.03,-64.17,6440.0,210.0,-490.0
34135790,1009.43,4.27,-65.39,6650.0,210.0,-490.0
34144789,1011.14,4.64,-66.0,6720.0,140.0,-490.0
34153789,1011.75,4.39,-65.03,6650.0,210.0,-490.0
34160789,1011.5,3.66,-66.37,6580.0,210.0,-490.0
34169788,1010.89,3.05,-65.88,6510.0,280.0,-490.0
34178789,1011.01,3.9,-66.25,6580.0,210.0,-490.0
34185790,1011.01,4.03,-65.39,6580.0,210.0,-490.0
34194789,1010.04,4.03,-65.27,6650.0,210.0,-490.0
34201789,1010.89,4.51,-65.76,6650.0,210.0,-490.0
34210788,1010.53,4.51,-66.49,6580.0,140.0,-490.0
34219789,1011.5,3.54,-66.86,6510.0,210.0,-490.0
34226789,1010.28,3.78,-66.61,6510.0,210.0,-490.0
34235788,1011.14,4.39,-67.1,6580.0,210.0,-490.0
34242789,1010.53,4.76,-67.34,6580.0,140.0,-490.0
34251789,1010.53,5.25,-67.83,6510.0,210.0,-490.0
34260789,1011.75,4.03,-67.71,6440.0,280.0,-490.0
34267789,1011.14,3.29,-66.61,6580.0,210.0,-490.0
34276788,1010.53,3.54,-67.59,6650.0,140.0,-560.0
34285788,1010.77,4.51,-68.44,6580.0,140.0,-490.0
34292789,1009.43,5.12,-66.86,6580.0,140.0,-490.0
34301789,1011.62,4.27,-68.32,6510.0,210.0,-420.0
34308789,1011.38,3.9,-66.86,6510.0,210.0,-490.0
34317789,1011.14,3.66,-69.54,6440.0,140.0,-490.0
34326789,1010.53,4.39,-67.83,6370.0,280.0,-490.0
34333789,1010.16,4.27,-67.22,6300.0,210.0,-490.0
34342789,1010.53,4.03,-67.47,6370.0,210.0,-490.0
34351789,1010.89,3.9,-67.83,6370.0,210.0,-490.0
34358789,1010.77,4.39,-67.22,6300.0,140.0,-490.0
34367788,1011.5,4.88,-67.83,6230.0,210.0,-490.0
34374789,1010.28,4.51,-67.83,6300.0,210.0,-490.0
34383789,1011.75,3.17,-67.83,6300.0,210.0,-490.0
34392789,1010.4,4.39,-68.32,6300.0,210.0,-420.0
34399790,1009.43,5.12,-66.73,6300.0,210.0,-490.0
34408788,1011.01,3.66,-68.44,6230.0,210.0,-490.0
34415789,1011.99,3.66,-67.71,6230.0,210.0,-490.0
34424788,1010.28,5.73,-67.1,6230.0,210.0,-490.0
34433789,1010.65,3.54,-68.2,6300.0,210.0,-420.0
34440789,1011.75,3.54,-68.32,6230.0,210.0,-490.0
34449789,1009.43,5.73,-66.98,6230.0,210.0,-490.0
34458788,1011.38,3.66,-68.44,6230.0,210.0,-490.0
34465789,1011.38,3.29,-66.98,6090.0,210.0,-490.0
34474789,1010.77,5.0,-68.56,6090.0,210.0,-490.0
34481789,1011.62,3.54,-68.81,6090.0,140.0,-490.0
34490789,1010.77,4.51,-67.71,6090.0,210.0,-420.0
34499788,1010.53,4.03,-68.08,6020.0,210.0,-420.0
34506789,1011.75,4.27,-68.44,6020.0,210.0,-420.0
34515789,1009.79,5.0,-68.56,6020.0,280.0,-490.0
34522790,1011.5,3.9,-68.44,6020.0,140.0,-420.0
34531788,1009.31,4.15,-66.73,5950.0,210.0,-420.0
34540788,1011.62,3.66,-67.83,6020.0,140.0,-420.0
34547789,1010.4,3.9,-67.59,5950.0,210.0,-490.0
34556789,1011.38,3.78,-67.34,5880.0,140.0,-490.0
34565789,1010.28,4.15,-66.12,5880.0,210.0,-420.0
34572790,1011.5,4.03,-67.71,5880.0,210.0,-490.0
34581789,1010.4,5.0,-67.71,5880.0,210.0,-420.0
34588789,1010.65,4.27,-67.47,5950.0,210.0,-420.0
34597789,1010.04,4.76,-67.95,5810.0,210.0,-420.0
34606789,1010.89,4.76,-67.34,5880.0,140.0,-420.0
34613789,1010.28,4.03,-67.95,5880.0,210.0,-420.0
34622789,1010.65,5.25,-68.08,5810.0,210.0,-420.0
34629789,1011.26,3.17,-68.08,5950.0,210.0,-420.0
34638788,1009.92,4.51,-67.83,5880.0,210.0,-420.0
34647788,1011.5,3.17,-67.59,5880.0,280.0,-420.0
34654789,1010.16,5.25,-68.56,5880.0,140.0,-490.0
34663789,1011.75,4.39,-68.81,5880.0,210.0,-420.0
34672788,1009.43,5.25,-68.44,5810.0,210.0,-420.0
34679790,1011.01,5.0,-67.95,5740.0,210.0,-420.0
34688789,1010.89,4.15,-67.47,5740.0,280.0,-420.0
34695790,1010.53,4.03,-67.34,5740.0,210.0,-350.0
34704788,1011.14,3.42,-68.81,5740.0,280.0,-420.0
34713789,1010.4,4.88,-67.71,5670.0,210.0,-420.0
34720790,1011.01,4.39,-69.05,5740.0,210.0,-420.0
34729789,1010.77,3.9,-68.08,5670.0,140.0,-420.0
34738788,1010.53,3.54,-67.83,5600.0,210.0,-420.0
34745789,1011.38,3.66,-68.93,5600.0,140.0,-420.0
34754789,1011.38,4.51,-68.56,5530.0,280.0,-420.0
34761790,1011.26,4.64,-68.2,5600.0,280.0,-420.0
34770789,1010.28,4.39,-68.32,5600.0,280.0,-420.0
34779789,1010.28,4.88,-67.34,5600.0,210.0,-420.0
34786790,1011.38,4.27,-68.08,5460.0,210.0,-420.0
34795788,1011.26,4.51,-66.25,5530.0,210.0,-350.0
34802789,1011.01,4.15,-67.47,5530.0,210.0,-420.0
34811788,1010.53,4.39,-67.95,5460.0,140.0,-420.0
34820788,1009.92,4.76,-68.2,5460.0,210.0,-420.0
34827790,1010.65,4.51,-68.69,5460.0,140.0,-420.0
34836789,1011.38,4.15,-68.93,5390.0,210.0,-350.0
34845789,1011.26,4.15,-68.2,5390.0,210.0,-350.0
34852789,1011.62,4.15,-69.17,5390.0,210.0,-420.0
34861789,1009.79,4.51,-68.08,5390.0,210.0,-350.0
34868789,1010.16,5.12,-68.44,5320.0,210.0,-420.0
34877788,1010.53,5.0,-68.2,5390.0,210.0,-350.0
34886789,1010.77,4.64,-69.54,5250.0,210.0,-420.0
34893790,1010.53,4.27,-68.81,5320.0,210.0,-420.0
34902788,1011.62,4.03,-70.03,5250.0,140.0,-420.0
34909789,1010.65,4.39,-69.42,5180.0,210.0,-420.0
34918788,1010.89,5.12,-69.3,5180.0,210.0,-350.0
34927789,1010.04,4.88,-69.3,5250.0,210.0,-420.0
34934790,1010.77,5.37,-69.05,5180.0,210.0,-420.0
34943788,1010.89,4.15,-69.3,5180.0,280.0,-420.0
34952789,1011.62,4.15,-68.44,5110.0,210.0,-350.0
34959789,1011.01,4.27,-68.56,5040.0,210.0,-420.0
34968789,1010.53,4.64,-69.78,5040.0,70.0,-350.0
34975789,1010.77,3.66,-68.93,5180.0,280.0,-350.0
34984789,1009.67,5.49,-68.44,5040.0,210.0,-350.0
34993788,1010.4,5.12,-69.3,5040.0,280.0,-420.0
35000789,1010.53,3.66,-69.54,4970.0,280.0,-420.0
35009789,1011.26,3.54,-68.44,5040.0,210.0,-420.0
35018788,1010.77,3.78,-69.66,4970.0,210.0,-350.0
35025789,1011.5,4.51,-69.54,4970.0,210.0,-420.0
35034788,1010.65,4.88,-69.05,4970.0,140.0,-350.0
35041790,1010.28,5.12,-68.93,4900.0,140.0,-350.0
35050788,1011.01,4.64,-68.93,4900.0,210.0,-420.0
35059788,1011.26,4.51,-69.78,4830.0,210.0,-420.0
35066790,1010.65,4.03,-69.91,4830.0,280.0,-350.0
35075788,1010.53,4.39,-70.39,4830.0,280.0,-350.0
35082789,1010.4,5.0,-69.17,4830.0,280.0,-350.0
35091788,1010.65,5.25,-69.78,4760.0,210.0,-350.0
35100789,1010.04,4.64,-69.78,4830.0,210.0,-350.0
35107789,1011.5,4.39,-71.0,4690.0,280.0,-350.0
35116788,1011.14,4.64,-69.17,4690.0,210.0,-350.0
35125789,1011.01,4.76,-70.15,4620.0,210.0,-350.0
35132790,1010.16,4.88,-70.15,4620.0,210.0,-350.0
35141789,1010.89,4.51,-70.15,4690.0,210.0,-350.0
35148790,1010.4,4.64,-69.91,4480.0,280.0,-350.0
35157789,1011.14,5.0,-70.88,4480.0,210.0,-350.0
35166788,1011.38,4.88,-72.1,4480.0,210.0,-350.0
35173789,1010.89,4.39,-70.52,4480.0,210.0,-350.0
35182789,1010.4,4.39,-69.66,4480.0,210.0,-350.0
35189789,1011.26,4.88,-69.91,4480.0,210.0,-350.0
35198789,1010.4,4.64,-69.66,4340.0,210.0,-350.0
35207789,1011.26,4.64,-70.76,4340.0,140.0,-350.0
35214790,1010.04,4.27,-70.52,4340.0,280.0,-350.0
35223789,1010.65,4.27,-71.13,4270.0,210.0,-350.0
35232789,1010.65,5.12,-70.39,4270.0,210.0,-350.0
35239789,1010.16,4.76,-70.52,4270.0,280.0,-350.0
35248788,1010.77,4.88,-70.88,4130.0,140.0,-280.0
35255790,1011.01,4.15,-71.61,4060.0,210.0,-280.0
35264789,1011.01,4.39,-70.15,4130.0,280.0,-280.0
35273789,1009.79,4.27,-69.42,4060.0,140.0,-350.0
35280789,1011.14,4.39,-70.39,4060.0,210.0,-280.0
35289788,1010.4,5.12,-71.74,3990.0,210.0,-350.0
35296790,1010.53,4.76,-71.25,3920.0,280.0,-280.0
35305789,1010.04,5.25,-70.27,3990.0,280.0,-280.0
35314789,1010.89,5.12,-70.52,3920.0,210.0,-280.0
35321790,1010.16,4.88,-70.15,3920.0,210.0,-280.0
35330788,1010.4,5.37,-71.13,3920.0,210.0,-280.0
35339789,1010.77,5.0,-71.0,3850.0,280.0,-350.0
35346790,1011.14,5.0,-69.17,3780.0,210.0,-280.0
35355788,1010.89,5.12,-70.52,3710.0,210.0,-280.0
35362789,1011.01,5.37,-69.91,3780.0,210.0,-280.0
35371788,1010.28,4.88,-70.15,3780.0,210.0,-280.0
35380789,1010.77,4.88,-70.39,3710.0,210.0,-280.0
35387790,1010.53,4.64,-70.39,3710.0,210.0,-280.0
35396789,1011.5,5.49,-70.15,3710.0,210.0,-280.0
35405789,1010.65,5.0,-70.88,3710.0,280.0,-280.0
35412790,1011.5,5.25,-69.54,3640.0,210.0,-280.0
35421789,1010.77,4.88,-70.15,3570.0,280.0,-210.0
35428789,1010.77,5.25,-69.17,3500.0,210.0,-210.0
35437789,1010.77,5.0,-69.54,3570.0,280.0,-280.0
35446789,1010.65,5.37,-69.54,3500.0,140.0,-210.0
35453789,1010.65,4.15,-69.91,3500.0,210.0,-280.0
35462788,1010.53,4.64,-70.76,3430.0,210.0,-210.0
35469789,1010.53,4.27,-70.64,3430.0,280.0,-280.0
35478789,1010.16,5.12,-69.05,3360.0,210.0,-280.0
35487788,1011.01,5.12,-69.05,3290.0,210.0,-210.0
35494789,1010.53,4.88,-68.93,3290.0,210.0,-280.0
35503789,1011.14,4.51,-70.27,3220.0,280.0,-210.0
35512788,1011.01,4.76,-69.66,3290.0,210.0,-210.0
35519789,1010.65,4.64,-69.66,3150.0,210.0,-210.0
35528789,1010.65,5.61,-69.78,3150.0,140.0,-210.0
35535789,1010.53,5.61,-69.91,3220.0,210.0,-210.0
35544789,1010.4,5.0,-69.3,3220.0,210.0,-210.0
35553788,1010.89,4.88,-70.39,3150.0,210.0,-210.0
35560789,1010.04,5.12,-70.27,3010.0,280.0,-210.0
35569788,1009.43,5.0,-69.05,3010.0,210.0,-210.0
35576789,1009.67,5.0,-69.91,3080.0,210.0,-210.0
35585789,1011.14,5.25,-70.27,3010.0,210.0,-210.0
35594788,1010.4,5.12,-68.44,2940.0,280.0,-210.0
35601790,1010.53,4.88,-69.91,2870.0,210.0,-210.0
35610789,1011.01,5.12,-70.03,2870.0,210.0,-210.0
35619788,1010.53,4.88,-69.54,2870.0,140.0,-210.0
35626790,1011.26,4.76,-69.78,2870.0,210.0,-210.0
35635788,1010.28,4.76,-70.03,2800.0,210.0,-210.0
35642789,1011.01,5.0,-71.25,2730.0,210.0,-210.0
35651788,1009.79,4.51,-69.3,2800.0,210.0,-210.0
35660788,1010.28,5.73,-70.39,2800.0,210.0,-210.0
35667790,1011.14,5.0,-70.88,2730.0,210.0,-210.0
35676788,1011.14,4.88,-70.39,2660.0,280.0,-210.0
35685789,1010.4,4.88,-70.03,2660.0,210.0,-210.0
35692790,1010.04,5.37,-70.39,2660.0,210.0,-210.0
35701789,1010.65,4.64,-69.91,2660.0,210.0,-210.0
35708789,1011.62,5.37,-70.64,2660.0,210.0,-210.0
35717789,1010.28,5.49,-70.03,2590.0,280.0,-140.0
35726788,1011.38,5.0,-70.52,2450.0,210.0,-140.0
35733789,1010.16,5.0,-70.39,2520.0,280.0,-140.0
35742788,1010.65,4.51,-70.88,2450.0,210.0,-210.0
35749790,1010.77,5.25,-70.64,2380.0,140.0,-210.0
35758788,1010.04,5.37,-70.76,2380.0,210.0,-140.0
35767788,1010.4,5.12,-70.64,2380.0,210.0,-140.0
35774789,1011.14,5.0,-71.86,2240.0,140.0,-140.0
35783789,1010.04,4.27,-71.49,2170.0,280.0,-140.0
35792789,1009.79,4.27,-69.54,2240.0,210.0,-210.0
35799789,1011.01,5.25,-70.76,2240.0,280.0,-140.0
35808789,1010.16,5.49,-71.0,2240.0,140.0,-140.0
35815789,1011.14,5.0,-70.76,2170.0,210.0,-140.0
35824788,1010.4,5.12,-71.49,2170.0,280.0,-140.0
35833788,1010.65,4.51,-71.86,2100.0,280.0,-140.0
35840789,1010.77,5.12,-71.13,2100.0,210.0,-210.0
35849789,1009.79,5.25,-71.74,2100.0,210.0,-140.0
35856789,1010.4,5.98,-70.88,1960.0,210.0,-140.0
35865788,1011.14,4.76,-71.49,1890.0,210.0,-70.0
35874789,1010.16,4.76,-71.49,1890.0,210.0,-140.0
35881790,1009.79,5.0,-71.49,1890.0,280.0,-140.0
35890789,1010.4,5.25,-70.64,1890.0,210.0,-210.0
35899789,1010.89,5.25,-70.64,1820.0,280.0,-140.0
35906789,1010.89,4.64,-70.88,1820.0,280.0,-70.0
35915788,1010.77,4.64,-71.61,1820.0,210.0,-140.0
35922790,1010.16,6.34,-71.86,1750.0,140.0,-140.0
35931788,1010.53,5.0,-71.86,1680.0,210.0,-140.0
35940789,1010.16,4.03,-71.13,1610.0,280.0,-70.0
35947789,1010.4,5.61,-72.59,1610.0,140.0,-140.0
35956788,1009.92,4.64,-72.1,1540.0,280.0,-140.0
35963790,1011.01,5.12,-70.88,1470.0,280.0,-70.0
35972788,1011.01,5.25,-70.52,1540.0,210.0,-70.0
35981788,1009.92,4.27,-72.1,1400.0,280.0,-70.0
35988789,1012.48,4.51,-70.76,1400.0,210.0,-70.0
35997788,1009.67,4.88,-71.25,1400.0,210.0,-70.0
36006789,1011.5,6.22,-71.74,1330.0,280.0,-140.0
36013790,1010.16,4.76,-70.15,1330.0,280.0,-70.0
36022789,1010.89,5.98,-70.39,1330.0,210.0,-70.0
36029789,1010.65,4.51,-70.76,1330.0,280.0,-70.0
36038789,1011.75,5.37,-71.0,1190.0,210.0,-70.0
36047788,1010.16,4.03,-70.52,1190.0,350.0,-140.0
36054790,1011.14,5.49,-71.49,1260.0,140.0,-140.0
36063788,1009.31,5.49,-70.64,1190.0,280.0,-70.0
36072789,1010.53,5.49,-69.54,1050.0,210.0,-70.0
36079790,1012.36,4.64,-70.39,1050.0,280.0,-70.0
36088788,1010.16,4.88,-69.42,980.0,140.0,-70.0
36095790,1010.28,3.9,-70.52,980.0,280.0,-70.0
36104788,1010.4,6.47,-71.0,980.0,210.0,-70.0
36113788,1009.79,5.12,-69.91,980.0,280.0,-70.0
36120789,1010.4,6.22,-70.27,910.0,140.0,-70.0
36129788,1013.33,5.0,-71.25,840.0,280.0,-70.0
36136789,1009.55,4.39,-69.42,840.0,280.0,0.0
36145788,1009.92,5.12,-71.86,840.0,210.0,-70.0
36154788,1011.5,6.1,-71.0,770.0,280.0,-70.0
36161789,1010.53,3.66,-69.05,770.0,280.0,-70.0
36170789,1010.28,5.49,-70.52,700.0,140.0,-70.0
36179789,1010.16,5.73,-70.88,630.0,280.0,0.0
36186790,1011.5,5.61,-69.17,700.0,280.0,-70.0
36195789,1012.23,5.86,-71.13,700.0,140.0,-70.0
36202789,1009.18,4.88,-70.39,630.0,350.0,0.0
36211789,1010.53,4.15,-69.54,490.0,280.0,-70.0
36220789,1010.65,7.56,-71.37,630.0,210.0,0.0
36227790,1011.75,4.03,-71.0,560.0,280.0,-70.0
36236789,1012.48,4.15,-70.27,490.0,210.0,0.0
36243789,1010.28,4.03,-72.22,350.0,280.0,0.0
36252788,1009.18,6.71,-69.91,420.0,350.0,0.0
36261788,1010.28,6.83,-70.52,490.0,210.0,0.0
36268789,1011.01,4.76,-70.15,350.0,350.0,0.0
36277789,1011.38,3.9,-70.52,350.0,210.0,0.0
36286789,1010.77,5.12,-72.1,210.0,210.0,0.0
36293790,1011.14,5.61,-72.22,210.0,280.0,0.0
36302788,1009.43,6.1,-69.17,280.0,280.0,0.0
36309789,1010.77,5.12,-71.0,280.0,210.0,0.0
36318788,1010.65,5.12,-70.52,70.0,280.0,0.0
36327788,1010.28,5.37,-71.0,70.0,280.0,0.0
36334790,1011.01,4.27,-71.49,70.0,280.0,0.0
36343789,1011.75,4.64,-70.64,70.0,280.0,0.0
36350789,1008.82,4.03,-69.17,140.0,280.0,0.0
36359788,1010.89,7.2,-72.22,0.0,210.0,0.0
36368789,1010.53,5.61,-69.42,0.0,350.0,0.0
36375790,1010.65,4.03,-69.66,-70.0,210.0,0.0
36384788,1010.77,4.88,-70.52,-140.0,210.0,0.0
36393789,1011.75,5.49,-70.64,-210.0,210.0,0.0
36400790,1009.79,6.83,-69.42,-140.0,280.0,0.0
36409789,1010.4,4.88,-70.64,-210.0,210.0,0.0
36416790,1009.92,4.51,-68.81,-140.0,350.0,0.0
36425788,1011.87,5.49,-70.15,-210.0,140.0,0.0
36434788,1010.65,6.1,-71.13,-280.0,280.0,0.0
36441790,1009.18,4.64,-68.32,-350.0,280.0,70.0
36450788,1010.65,5.49,-68.69,-140.0,280.0,0.0
36459788,1011.75,5.61,-69.78,-210.0,210.0,0.0
36466790,1010.77,3.54,-68.44,-350.0,350.0,0.0
36475788,1010.89,5.37,-68.93,-420.0,210.0,0.0
36482790,1011.38,5.61,-69.54,-420.0,350.0,70.0
36491788,1009.67,5.49,-67.95,-280.0,280.0,0.0
36500788,1011.26,5.12,-69.91,-280.0,280.0,0.0
36507789,1011.01,5.25,-68.81,-490.0,350.0,0.0
36516788,1010.04,5.25,-67.95,-560.0,280.0,0.0
36523789,1010.16,5.37,-68.81,-490.0,210.0,70.0
36532788,1010.77,5.37,-67.95,-490.0,280.0,0.0
36541789,1010.89,4.27,-67.71,-420.0,280.0,0.0
36548790,1012.11,5.49,-68.81,-490.0,210.0,70.0
36557789,1009.92,5.25,-68.93,-560.0,350.0,70.0
36566789,1010.16,5.49,-69.17,-560.0,210.0,70.0
36573789,1011.26,5.37,-70.15,-560.0,210.0,70.0
36582788,1010.4,4.15,-68.56,-560.0,280.0,70.0
36589790,1010.65,4.88,-67.1,-630.0,280.0,70.0
36598789,1011.87,6.1,-69.05,-700.0,210.0,70.0
36607788,1012.23,3.17,-67.47,-770.0,350.0,0.0
36614789,1008.21,5.61,-65.51,-560.0,210.0,70.0
36623789,1012.84,6.22,-73.08,-770.0,210.0,70.0
36630789,1009.55,4.03,-63.93,-630.0,560.0,70.0
36639788,1011.38,5.12,-68.44,-700.0,0.0,70.0
36648789,1011.62,5.0,-69.91,-770.0,350.0,70.0
36655789,1009.06,4.88,-63.81,-770.0,280.0,70.0
36664788,1012.36,5.73,-70.27,-770.0,140.0,70.0
36673788,1009.92,5.49,-66.0,-840.0,490.0,70.0
36680790,1010.28,4.76,-62.95,-770.0,70.0,70.0
36689788,1013.7,6.22,-70.27,-910.0,210.0,70.0
36696789,1009.55,5.0,-64.29,-910.0,420.0,70.0
36705789,1011.38,5.25,-67.22,-840.0,70.0,70.0
36714788,1011.26,5.37,-67.34,-700.0,350.0,70.0
36721789,1010.53,4.76,-63.56,-770.0,210.0,70.0
36730788,1011.38,4.64,-66.49,-700.0,210.0,70.0
36737789,1012.23,4.76,-66.37,-910.0,350.0,70.0
36746789,1009.92,3.9,-65.03,-840.0,350.0,140.0
36755788,1010.77,5.12,-66.0,-770.0,140.0,70.0
36762789,1010.4,5.86,-64.17,-770.0,280.0,70.0
36771789,1011.14,5.12,-65.51,-910.0,140.0,70.0
36780788,1011.38,4.76,-65.88,-910.0,350.0,70.0
36787789,1010.04,5.12,-64.05,-910.0,280.0,70.0
36796789,1011.26,4.51,-66.25,-770.0,280.0,70.0
36803789,1010.89,5.61,-65.03,-770.0,280.0,70.0
36812789,1011.87,5.37,-65.39,-840.0,350.0,70.0
36821788,1010.04,4.64,-63.68,-840.0,280.0,70.0
36828789,1011.26,4.15,-64.05,-840.0,210.0,70.0
36837788,1010.65,5.49,-63.2,-770.0,210.0,70.0
36846788,1010.89,5.37,-64.29,-840.0,210.0,70.0
36853789,1011.75,5.73,-63.68,-840.0,210.0,70.0
36862788,1011.5,5.0,-63.44,-840.0,280.0,70.0
36869789,1011.38,4.51,-63.56,-840.0,280.0,70.0
36878788,1010.89,5.73,-63.44,-770.0,210.0,70.0
36887789,1010.89,5.37,-64.54,-770.0,210.0,70.0
36894789,1011.26,5.12,-63.2,-770.0,280.0,70.0
36903789,1010.89,4.64,-62.46,-770.0,280.0,70.0
36910789,1011.38,5.0,-63.2,-770.0,280.0,70.0
36919788,1010.89,5.61,-63.44,-770.0,280.0,70.0
36928789,1011.14,5.86,-62.95,-770.0,210.0,70.0
36935789,1011.87,4.88,-63.56,-700.0,280.0,70.0
36944789,1011.26,5.61,-62.46,-700.0,280.0,70.0
36953788,1011.26,4.64,-62.71,-770.0,280.0,70.0
36960789,1011.01,5.0,-63.07,-700.0,280.0,70.0
36969788,1011.62,4.39,-62.1,-700.0,350.0,70.0
36976789,1011.14,5.25,-62.46,-630.0,280.0,70.0
36985789,1010.65,5.37,-61.73,-630.0,280.0,70.0
36994789,1010.89,5.25,-61.24,-630.0,280.0,70.0
37001789,1011.87,4.51,-62.71,-630.0,350.0,70.0
37010789,1011.14,5.37,-62.34,-560.0,280.0,70.0
37017789,1011.14,4.88,-61.73,-560.0,210.0,70.0
37026789,1011.62,5.0,-63.07,-490.0,210.0,70.0
37035788,1011.62,4.64,-61.98,-560.0,280.0,70.0
37042790,1010.65,5.12,-61.98,-560.0,140.0,70.0
37051789,1011.38,3.9,-63.07,-560.0,210.0,70.0
37060789,1010.89,4.88,-61.12,-490.0,280.0,70.0
37067789,1011.14,5.25,-61.85,-420.0,140.0,70.0
37076788,1011.38,5.98,-62.34,-420.0,280.0,0.0
37083789,1011.01,4.88,-62.1,-490.0,280.0,70.0
37092789,1011.26,5.0,-61.85,-420.0,280.0,0.0
37101788,1010.77,5.37,-61.98,-350.0,280.0,70.0
37108789,1010.89,5.25,-61.37,-420.0,280.0,70.0
37117789,1011.38,4.64,-62.83,-420.0,280.0,70.0
37124789,1011.5,4.64,-61.49,-350.0,280.0,0.0
37133788,1011.87,4.88,-61.24,-420.0,280.0,70.0
37142788,1010.65,5.25,-61.24,-280.0,210.0,70.0
37149790,1010.89,6.34,-61.12,-210.0,210.0,0.0
37158789,1010.89,5.25,-60.88,-280.0,280.0,0.0
37167788,1012.36,5.0,-61.24,-280.0,280.0,70.0
37174790,1011.75,5.25,-61.49,-280.0,350.0,0.0
37183789,1011.5,4.76,-62.1,-280.0,210.0,0.0
37190789,1012.23,4.64,-62.1,-210.0,280.0,70.0
37199789,1010.89,4.76,-60.88,-140.0,210.0,0.0
37208789,1011.14,4.88,-61.61,-140.0,210.0,70.0
37215790,1010.77,4.76,-62.59,-210.0,210.0,0.0
37224789,1011.01,4.39,-62.1,-70.0,280.0,0.0
37233789,1011.38,5.0,-60.76,70.0,210.0,0.0
37240790,1011.38,5.98,-60.63,0.0,210.0,0.0
37249789,1011.62,4.88,-61.0,-140.0,280.0,0.0
37256789,1011.14,5.12,-60.88,-140.0,350.0,0.0
37265789,1011.5,4.76,-61.37,-70.0,210.0,70.0
37274789,1011.38,5.25,-62.59,0.0,280.0,0.0
37281790,1010.65,4.76,-60.51,140.0,280.0,0.0
37290789,1010.77,5.61,-61.37,140.0,210.0,70.0
37297790,1011.87,5.12,-61.73,70.0,210.0,0.0
37306788,1012.36,5.25,-61.49,70.0,210.0,0.0
37315789,1011.26,4.88,-61.85,0.0,350.0,0.0
37322789,1011.38,5.61,-61.73,70.0,280.0,0.0
37331788,1011.14,4.76,-62.1,70.0,210.0,0.0
37340788,1012.23,4.88,-62.59,140.0,280.0,0.0
37347790,1010.89,4.27,-62.83,140.0,280.0,0.0
37356788,1011.26,5.86,-62.71,140.0,210.0,0.0
37363789,1011.01,5.25,-61.24,210.0,280.0,-70.0
37372788,1011.01,5.61,-61.85,210.0,210.0,0.0
37381788,1012.23,4.51,-61.98,210.0,280.0,0.0
37388790,1011.75,4.51,-62.59,140.0,210.0,0.0
37397789,1010.89,5.12,-62.59,280.0,210.0,0.0
37404790,1010.89,5.86,-63.56,350.0,280.0,0.0
37413789,1010.89,4.76,-62.34,420.0,280.0,0.0
37422789,1012.11,4.27,-61.85,350.0,210.0,0.0
37429790,1012.23,4.88,-63.32,350.0,210.0,0.0
37438788,1011.01,5.12,-62.83,420.0,210.0,0.0
37447789,1010.77,5.61,-64.29,420.0,280.0,0.0
37454790,1011.87,4.39,-63.44,420.0,280.0,-70.0
37463789,1011.87,4.76,-63.44,350.0,210.0,0.0
37470789,1011.5,4.88,-63.56,350.0,280.0,0.0
37479789,1011.14,4.76,-63.81,350.0,280.0,0.0
37488788,1010.16,5.12,-62.34,420.0,280.0,0.0
37495789,1011.87,4.64,-64.05,420.0,280.0,-70.0
37504788,1011.26,5.25,-63.68,420.0,280.0,0.0
37511789,1010.65,5.86,-64.54,420.0,210.0,0.0
37520788,1010.53,5.73,-64.78,420.0,210.0,0.0
37529789,1010.89,5.49,-63.68,490.0,280.0,-70.0
37536789,1011.14,3.78,-63.68,420.0,210.0,0.0
37545789,1011.62,4.88,-64.66,420.0,210.0,-70.0
37554788,1011.26,5.49,-65.15,350.0,280.0,0.0
37561790,1010.4,5.61,-64.05,420.0,280.0,0.0
37570789,1009.79,5.49,-64.54,490.0,280.0,0.0
37577790,1011.26,5.61,-65.15,490.0,210.0,0.0
37586789,1012.11,4.03,-65.03,350.0,280.0,0.0
37595788,1011.01,5.37,-65.27,490.0,280.0,0.0
37602790,1010.28,5.86,-66.25,420.0,210.0,-70.0
37611789,1011.01,5.25,-65.64,420.0,280.0,0.0
37620789,1011.26,4.39,-66.25,420.0,210.0,0.0
37627789,1011.26,4.51,-65.76,350.0,210.0,-70.0
37636789,1011.01,4.76,-66.25,420.0,280.0,0.0
37643790,1010.04,5.98,-65.27,490.0,210.0,0.0
37652789,1010.89,5.12,-66.61,490.0,280.0,0.0
37661788,1010.65,5.12,-65.76,420.0,280.0,0.0
37668790,1011.26,5.37,-66.98,350.0,280.0,-70.0
37677788,1009.92,5.61,-66.37,420.0,280.0,0.0
37684789,1011.5,5.12,-66.25,350.0,210.0,0.0
37693788,1011.62,5.49,-66.61,350.0,210.0,0.0
37702788,1011.62,5.49,-66.49,280.0,280.0,0.0
37709789,1010.53,4.15,-66.73,420.0,210.0,0.0
37718788,1011.01,5.0,-67.34,350.0,280.0,-70.0
37727789,1010.28,5.12,-67.22,350.0,210.0,0.0
37734789,1010.89,5.37,-67.1,280.0,210.0,0.0
37743789,1010.53,4.39,-68.08,280.0,280.0,0.0
37750789,1011.5,5.25,-67.22,210.0,280.0,0.0
37759788,1010.77,4.03,-67.47,280.0,210.0,0.0
37768788,1010.28,5.61,-67.95,420.0,280.0,0.0
37775789,1011.14,5.12,-66.49,350.0,280.0,0.0
37784789,1011.62,5.61,-67.47,140.0,210.0,0.0
37791789,1010.16,4.88,-67.59,70.0,350.0,0.0
37800788,1010.77,5.37,-68.2,210.0,210.0,0.0
37809788,1010.89,4.88,-67.47,210.0,280.0,0.0
37816790,1010.28,5.12,-67.71,280.0,280.0,0.0
37825788,1010.53,5.0,-67.1,280.0,210.0,0.0
37834789,1010.65,5.49,-67.83,280.0,210.0,0.0
37841789,1010.89,5.49,-67.22,70.0,280.0,0.0
37850788,1010.53,5.0,-67.95,140.0,280.0,0.0
37857789,1011.26,5.12,-68.32,140.0,280.0,0.0
37866789,1010.65,5.12,-68.44,140.0,210.0,0.0
37875789,1011.26,5.0,-67.95,70.0,280.0,0.0
37882789,1010.77,4.76,-67.34,70.0,210.0,0.0
37891788,1011.38,5.25,-68.56,0.0,280.0,0.0
37898789,1010.16,5.0,-67.95,70.0,280.0,0.0
37907789,1010.65,5.25,-67.83,0.0,280.0,0.0
37916789,1010.89,4.51,-68.08,-70.0,280.0,0.0
37923790,1010.89,4.51,-68.81,-140.0,280.0,0.0
37932789,1009.79,4.51,-68.69,0.0,210.0,0.0
37941789,1011.14,5.61,-67.59,-70.0,210.0,0.0
37948790,1010.89,4.15,-68.08,-70.0,210.0,0.0
37957789,1011.62,5.49,-68.44,-70.0,280.0,0.0
37964790,1011.14,5.37,-67.47,-70.0,350.0,0.0
37973789,1011.01,6.34,-68.69,-70.0,210.0,0.0
37982788,1010.04,4.03,-67.22,-140.0,280.0,0.0
37989789,1011.5,4.76,-68.32,-70.0,210.0,0.0
37998789,1010.77,4.39,-66.25,-210.0,280.0,70.0
38007789,1011.75,4.88,-67.95,-140.0,280.0,0.0
38014789,1009.31,4.88,-67.83,-140.0,280.0,0.0
38023789,1010.65,6.1,-68.32,-140.0,210.0,70.0
38030789,1011.14,4.64,-67.1,-210.0,280.0,0.0
38039788,1010.89,4.88,-67.34,-210.0,280.0,0.0
38048788,1010.77,5.12,-67.83,-350.0,280.0,0.0
38055789,1010.4,5.37,-68.2,-210.0,280.0,0.0
38064788,1010.89,5.61,-66.86,-350.0,350.0,70.0
38071790,1010.28,4.88,-67.71,-210.0,280.0,0.0
38080788,1010.16,4.88,-68.08,0.0,210.0,70.0
38089788,1011.38,5.98,-67.71,0.0,210.0,70.0
38096789,1011.75,5.98,-66.98,-350.0,280.0,70.0
38105788,1010.77,5.12,-66.73,-490.0,280.0,70.0
38114788,1011.38,6.59,-66.49,-560.0,280.0,70.0
38121789,1011.01,4.51,-66.73,-700.0,280.0,70.0
38130788,1011.5,3.66,-68.81,-560.0,280.0,70.0
38137789,1010.65,4.03,-66.61,-280.0,280.0,70.0
38146788,1010.89,6.47,-66.49,-210.0,140.0,0.0
38155789,1011.14,5.98,-65.88,-420.0,280.0,0.0
38162790,1011.14,5.49,-66.86,-560.0,280.0,70.0
38171789,1010.53,5.0,-66.86,-560.0,350.0,70.0
38178789,1010.89,4.76,-66.0,-560.0,210.0,70.0
38187789,1010.77,4.76,-67.59,-490.0,280.0,0.0
38196789,1011.26,5.12,-66.73,-420.0,280.0,0.0
38203789,1011.14,5.25,-66.73,-280.0,350.0,70.0
38212789,1010.65,5.61,-66.49,-350.0,280.0,70.0
38221789,1011.38,5.12,-65.88,-490.0,210.0,70.0
38228790,1010.89,5.25,-66.25,-560.0,140.0,70.0
38237789,1011.5,5.0,-65.64,-630.0,210.0,70.0
38244789,1011.26,4.76,-65.15,-490.0,280.0,70.0
38253788,1011.99,4.88,-65.88,-490.0,280.0,70.0
38262789,1012.11,4.88,-66.25,-490.0,280.0,70.0
38269789,1011.5,5.25,-65.27,-420.0,210.0,70.0
38278788,1010.4,5.73,-65.76,-420.0,210.0,70.0
38285789,1011.26,5.0,-65.88,-490.0,280.0,70.0
38294789,1011.01,5.61,-64.66,-490.0,350.0,70.0
38303789,1011.5,5.25,-65.03,-490.0,210.0,70.0
38310789,1010.77,4.51,-64.78,-560.0,280.0,0.0
38319788,1011.5,5.61,-65.15,-560.0,280.0,70.0
38328789,1010.53,5.12,-65.27,-560.0,280.0,70.0
38335789,1010.77,6.1,-64.05,-490.0,280.0,0.0
38344788,1011.62,4.64,-64.66,-560.0,280.0,0.0
38351790,1010.77,4.76,-65.03,-560.0,210.0,0.0
38360788,1010.65,5.12,-65.03,-630.0,280.0,70.0
38369788,1011.5,5.37,-64.54,-490.0,280.0,70.0
38376789,1010.77,5.37,-63.56,-560.0,280.0,70.0
38385789,1011.62,4.64,-63.93,-490.0,280.0,70.0
38394789,1010.89,4.51,-64.66,-490.0,280.0,0.0
38401789,1011.01,5.0,-64.9,-420.0,280.0,70.0
38410789,1011.14,5.61,-63.32,-350.0,280.0,0.0
38417789,1011.26,6.71,-63.56,-420.0,280.0,70.0
38426788,1011.5,4.76,-63.68,-420.0,280.0,70.0
38435788,1011.5,4.76,-63.56,-490.0,280.0,70.0
38442789,1011.62,6.1,-63.68,-490.0,280.0,0.0
38451789,1010.16,5.25,-63.81,-420.0,280.0,70.0
38458789,1011.26,5.37,-63.68,-350.0,280.0,70.0
38467789,1011.5,5.0,-62.71,-280.0,210.0,70.0
38476788,1011.5,5.12,-62.95,-350.0,280.0,70.0
38483790,1011.38,5.12,-63.56,-350.0,210.0,70.0
38492788,1011.14,5.12,-62.83,-350.0,280.0,70.0
38501788,1011.38,4.76,-62.46,-420.0,280.0,0.0
38508790,1011.38,5.37,-63.2,-350.0,280.0,0.0
38517788,1010.89,5.12,-62.95,-420.0,280.0,0.0
38524789,1011.26,4.88,-63.2,-280.0,280.0,70.0
38533789,1011.14,5.25,-62.46,-280.0,280.0,0.0
38542789,1011.5,5.49,-63.2,-210.0,280.0,0.0
38549789,1011.62,4.88,-63.44,-280.0,280.0,0.0
38558789,1011.14,5.12,-62.59,-210.0,210.0,70.0
38565790,1011.62,5.12,-63.2,-210.0,280.0,0.0
38574788,1011.26,4.15,-63.44,-210.0,280.0,0.0
38583788,1010.16,4.76,-61.85,-280.0,280.0,0.0
38590790,1010.65,4.76,-63.2,-210.0,210.0,70.0
38599789,1011.01,4.88,-62.22,-210.0,280.0,0.0
38608789,1010.65,5.0,-62.71,-140.0,210.0,0.0
38615789,1011.62,4.51,-62.46,-140.0,280.0,0.0
38624788,1011.5,5.25,-62.46,-140.0,280.0,70.0
38631789,1011.75,4.15,-62.59,-140.0,280.0,70.0
38640788,1010.4,5.61,-62.71,-70.0,280.0,0.0
38649789,1011.26,5.73,-63.07,-70.0,280.0,0.0
38656790,1011.75,5.25,-62.34,-70.0,210.0,0.0
38665789,1010.89,4.51,-63.07,-210.0,280.0,0.0
38674789,1010.89,4.76,-62.46,-140.0,210.0,0.0
38681790,1011.14,5.12,-62.95,-70.0,280.0,0.0
38690788,1011.01,4.76,-62.22,0.0,280.0,0.0
38697790,1010.65,4.64,-62.95,-70.0,140.0,0.0
38706789,1011.38,4.39,-62.22,-70.0,280.0,70.0
38715788,1010.04,5.49,-61.98,-70.0,210.0,0.0
38722789,1010.89,5.37,-61.85,0.0,210.0,0.0
38731788,1010.65,4.64,-63.2,0.0,280.0,0.0
38738790,1011.5,4.51,-62.83,0.0,280.0,0.0
38747789,1011.38,5.37,-62.34,0.0,210.0,0.0
38756788,1010.65,5.37,-63.07,70.0,280.0,0.0
38763789,1011.62,5.0,-63.07,0.0,280.0,0.0
38772788,1011.14,4.39,-62.1,140.0,280.0,0.0
38781788,1011.38,4.76,-63.07,140.0,210.0,0.0
38788789,1011.01,5.0,-62.34,70.0,280.0,0.0
38797789,1011.14,5.49,-62.22,140.0,210.0,0.0
38804790,1011.38,4.76,-62.95,140.0,280.0,0.0
38813788,1010.53,5.37,-63.56,140.0,280.0,0.0
38822789,1011.01,5.25,-63.44,140.0,210.0,0.0
38829789,1011.26,5.49,-62.83,140.0,280.0,0.0
38838789,1011.5,4.76,-63.68,140.0,280.0,0.0
38845790,1011.01,5.25,-63.2,210.0,210.0,0.0
38854789,1011.26,5.12,-63.81,210.0,280.0,0.0
38863789,1010.04,5.61,-62.71,140.0,280.0,0.0
38870790,1011.26,5.25,-63.56,210.0,280.0,0.0
38879788,1010.77,5.12,-63.44,210.0,280.0,0.0
38888788,1011.14,4.27,-63.56,210.0,210.0,0.0
38895790,1010.28,4.64,-64.29,210.0,210.0,0.0
38904789,1011.62,4.51,-65.03,210.0,280.0,0.0
38911790,1010.65,5.49,-64.54,280.0,280.0,0.0
38920788,1011.14,5.25,-65.03,210.0,210.0,-70.0
38929788,1011.38,5.37,-65.03,210.0,280.0,0.0
38936790,1012.23,4.76,-63.56,280.0,210.0,0.0
38945788,1011.38,5.49,-64.54,280.0,210.0,0.0
38952789,1010.89,5.86,-64.05,280.0,280.0,0.0
38961789,1011.26,5.12,-63.68,280.0,280.0,0.0
38970788,1011.01,5.37,-64.29,280.0,210.0,0.0
38977789,1010.65,4.51,-64.9,280.0,350.0,0.0
38986789,1010.77,5.12,-64.29,280.0,280.0,0.0
38995788,1010.4,5.0,-64.66,280.0,280.0,0.0
39002789,1011.26,5.0,-64.54,280.0,280.0,0.0
39011789,1010.77,4.51,-65.51,280.0,210.0,0.0
39018789,1010.89,4.88,-66.61,210.0,210.0,0.0
39027789,1011.26,4.15,-65.39,280.0,280.0,0.0
39036788,1010.4,5.49,-65.76,280.0,210.0,0.0
39043789,1011.14,5.12,-66.49,280.0,280.0,0.0
39052788,1010.4,5.37,-65.15,280.0,280.0,0.0
39061788,1010.77,5.12,-66.25,280.0,210.0,0.0
39068790,1010.65,4.76,-66.0,280.0,280.0,0.0
39077789,1011.14,5.0,-66.12,210.0,280.0,0.0
39084789,1010.4,4.88,-65.88,280.0,280.0,0.0
39093789,1010.89,4.03,-65.88,280.0,210.0,-70.0
39102789,1011.5,5.12,-66.49,210.0,210.0,0.0
39109790,1010.53,5.12,-66.37,210.0,210.0,0.0
39118789,1010.65,5.25,-66.49,280.0,280.0,0.0
39125789,1011.14,5.73,-66.0,280.0,210.0,0.0
39134789,1010.65,5.0,-66.49,210.0,280.0,0.0
39143789,1011.01,5.12,-65.64,140.0,280.0,0.0
39150789,1010.89,5.0,-67.34,140.0,280.0,0.0
39159789,1011.01,5.49,-67.47,140.0,140.0,0.0
39168789,1010.53,5.25,-66.49,140.0,350.0,0.0
39175790,1010.89,5.49,-66.98,210.0,210.0,0.0
39184788,1010.77,4.76,-66.98,210.0,280.0,0.0
39191790,1011.5,5.25,-66.61,140.0,280.0,0.0
39200789,1010.4,4.64,-66.98,140.0,210.0,0.0
39209788,1011.62,4.88,-66.98,140.0,280.0,0.0
39216790,1011.14,5.12,-67.1,140.0,280.0,0.0
39225789,1010.53,5.49,-67.1,210.0,280.0,0.0
39232789,1011.26,4.88,-67.34,70.0,210.0,0.0
39241788,1010.16,4.39,-66.37,70.0,280.0,0.0
39250789,1010.53,4.27,-66.73,140.0,280.0,0.0
39257790,1009.79,5.49,-66.0,140.0,280.0,0.0
39266788,1010.77,5.25,-67.47,0.0,280.0,0.0
39275789,1010.89,4.39,-66.61,-70.0,280.0,0.0
39282789,1010.4,4.76,-67.47,0.0,280.0,0.0
39291788,1010.65,5.37,-67.83,70.0,280.0,0.0
39298790,1011.26,5.37,-68.08,70.0,210.0,0.0
39307788,1011.5,4.88,-65.64,70.0,210.0,0.0
39316788,1010.04,5.37,-66.98,70.0,210.0,0.0
39323789,1011.01,5.0,-68.2,-70.0,280.0,0.0
39332788,1011.14,5.25,-67.59,-70.0,280.0,0.0
39341789,1010.65,4.88,-66.98,0.0,210.0,0.0
39348790,1010.4,5.61,-68.56,-70.0,210.0,0.0
39357787,1011.01,5.25,-67.22,-70.0,280.0,0.0
39364789,1011.14,5.61,-66.86,-70.0,210.0,0.0
39373789,1010.28,5.25,-66.73,-140.0,280.0,0.0
39382788,1010.04,4.88,-67.34,-140.0,210.0,0.0
39389790,1010.65,5.12,-67.59,-140.0,350.0,0.0
39398789,1010.77,5.12,-66.98,-70.0,280.0,0.0
39405789,1010.77,4.64,-67.34,-70.0,210.0,70.0
39414789,1011.75,5.49,-67.83,-140.0,280.0,0.0
39423788,1011.14,5.25,-66.86,-210.0,280.0,0.0
39430789,1010.4,5.12,-67.22,-140.0,280.0,0.0
39439788,1011.75,5.12,-67.22,-210.0,210.0,70.0
39448789,1011.26,5.0,-66.49,-210.0,280.0,0.0
39455789,1010.65,5.12,-66.61,-210.0,210.0,0.0
39464788,1010.4,5.37,-67.34,-210.0,280.0,0.0
39471789,1011.5,5.73,-66.49,-280.0,280.0,0.0
39480788,1011.01,4.76,-66.73,-210.0,280.0,0.0
39489789,1012.11,5.37,-67.83,-210.0,210.0,70.0
39496789,1010.77,4.76,-66.86,-210.0,280.0,70.0
39505788,1011.5,4.76,-66.37,-280.0,280.0,0.0
39512790,1009.79,5.12,-66.25,-280.0,210.0,0.0
39521789,1010.89,5.73,-67.34,-350.0,210.0,70.0
39530788,1010.89,4.88,-66.98,-280.0,280.0,70.0
39537789,1011.26,4.27,-67.1,-350.0,280.0,70.0
39546789,1010.53,4.27,-66.73,-280.0,280.0,0.0
39555789,1010.4,5.12,-66.49,-350.0,280.0,70.0
39562789,1010.16,4.88,-65.15,-350.0,280.0,0.0
39571788,1011.62,5.37,-66.49,-350.0,280.0,70.0
39578789,1011.62,3.78,-66.37,-420.0,280.0,0.0
39587789,1010.77,5.12,-66.12,-420.0,210.0,0.0
39596789,1009.92,5.86,-66.86,-350.0,210.0,70.0
39603789,1010.89,5.86,-66.86,-350.0,210.0,70.0
39612789,1011.75,4.39,-66.0,-350.0,280.0,70.0
39619790,1011.14,4.76,-65.64,-350.0,210.0,70.0
39628789,1011.26,5.49,-66.0,-420.0,210.0,0.0
39637788,1010.16,5.49,-65.39,-420.0,280.0,70.0
39644789,1011.62,6.47,-65.15,-350.0,280.0,70.0
